Workbook

Sheet Index
A1: SPECIFIC MODIFICATIONS OF LIQUID METALS:
A2: 1. | B2: Surface reneval | C2: Damköhler number | D2: Da_s
A3: 2.
A4: 3.
A5: 4.

Sheet Kinetic parameters
A1: ISOTHERMAL
A2: Inputs | B2: Const. | C2: Units | E2: Results
A3: Temp | B3: 1273 | C3: K
A4: Pressión | B4: 1.01325 | C4: Pa
A5: R | B5: 8.314 | C5: J/mol·K
A6: Reaction Rate Constants | E6: Arrheniu's law
A7: A_DRM | B7: ='Domain-Shift'!L6 -> 1290000 | C7: mol/m3·s | E7: k_4 = k_DRM | F7: =B7*EXP(-B8/(B5*B3)) -> 0.01063785
A8: Ea_DRM | B8: ='Domain-Shift'!L7 -> 197000 | C8: J/mol | E8: k_11 = k_RWGS | F8: =B9*EXP(-B10/(B5*B3)) -> 35.2645
A9: A_RWGS | B9: ='Domain-Shift'!L8 -> 350000 | C9: mol/m3·s | E9: k_crack | F9: =B11*EXP(-B12/(B5*B3)) -> 1.1347074e-11
A10: Ea_RWGS | B10: ='Domain-Shift'!L9 -> 97400 | C10: J/mol | E10: k_boud | F10: =B13*EXP(-B14/(B5*B3)) -> 1.0572735e-12
A11: A_crack | B11: 0.08 | C11: mol/m3·s | E11: k_gas,H2O
A12: Ea_crack | B12: 240000 | C12: J/mol
A13: A_boud | B13: 1e-05 | C13: mol/m3·s
A14: Ea_boud | B14: 170000 | C14: J/mol
A15: Adsorption Constants | E15: Van't Hoff form
A16: K_1 = K_CH4 | B16: ='Domain-Shift'!L11 -> 0.026 | C16: 1/bar | E16: K_1 = K_CH4 | F16: =B16*EXP(-B17/(B5*B3)) -> 0.26099632 | G16: 1/bar | H16: =F16*0.00001 -> 2.6099632e-06 | I16: 1/Pa
A17: dH_1=dH_CH4 | B17: ='Domain-Shift'!L12 -> -24410.4 | C17: J/mol | E17: K_2 = K_CO2 | F17: =B18*EXP(-B19/(B5*B3)) -> 0.22048615 | G17: 1/bar | H17: =F17*0.00001 -> 2.2048615e-06 | I17: 1/Pa
A18: K_2 = K_CO2 | B18: ='Domain-Shift'!L13 -> 0.0261 | C18: 1/bar | E18: K_3 = K_H2 | F18: =B20*EXP(-B21/(B5*B3)) -> 0.00017022595 | G18: 1/bar | H18: =F18*0.00001 -> 1.7022595e-09 | I18: 1/Pa
A19: dH_2=dH_CO2 | B19: ='Domain-Shift'!L14 -> -22584.6 | C19: J/mol | E19: K_-21 = K_C0 | F19: =B22*EXP(-B23/(B5*B3)) -> 2.1742078e-05 | G19: 1/bar | H19: =F19*0.00001 -> 2.1742078e-10 | I19: 1/Pa
A20: K_3 = K_H2 | B20: ='Domain-Shift'!L15 -> 1e-05 | C20: 1/bar | E20: K_-23 = K_H2O | F20: =B24*EXP(-B25/(B5*B3)) -> 0.0012078386 | G20: 1/bar | H20: =F20*0.00001 -> 1.2078386e-08 | I20: 1/Pa
A21: dH_3=dH_H2 | B21: ='Domain-Shift'!L16 -> -30000 | C21: J/mol
A22: K_-21 = K_CO | B22: ='Domain-Shift'!L17 -> 1e-05 | C22: 1/bar
A23: dH_-21=dH_CO | B23: ='Domain-Shift'!L18 -> -8220 | C23: J/mol
A24: K_-23 = K_H2O | B24: ='Domain-Shift'!L19 -> 4.73e-06 | C24: 1/bar
A25: dH_-23=dH_H2O | B25: ='Domain-Shift'!L20 -> -58662 | C25: J/mol
A26: Equilibrium Constants | E26: Dimensionless
A27: K4 = K_DRM | B27: ='Domain-Shift'!L22 -> 678000000000000
A28: dH_4 = dH_DRM | B28: ='Domain-Shift'!L23 -> 259660 | E28: K_DRM | F28: =B27*EXP(-B28/(B5*B3)) -> 15006.913 | G28: K_eq_DRM | H28: =1/F28 -> 6.6635956e-05
A29: K_11 = K_RWGS | B29: ='Domain-Shift'!L24 -> 56.4971 | E29: K_RWGS | F29: =B29*EXP(-B30/(B5*B3)) -> 1.7823599 | G29: K_eq_RWGS | H29: =1/F29 -> 0.56105391
A30: dH_11 = dH_RWGS | B30: ='Domain-Shift'!L25 -> 36580

Sheet Domain-Shift
B1: R= | C1: 8.314 | D1: J/mol K
B2: T= | C2: 1023 | D2: K
A3: DRM & RWGS
A4: Benguerba et al. | J4: BEP Scaling | T4: Temperature | U4: 723 | V4: 773 | W4: 823 | X4: 873 | Y4: 923 | Z4: 973 | AA4: 1023 | AB4: 1073 | AC4: 1123 | AD4: 1173 | AE4: 1223 | AF4: 1273
B5: Reaction Rate Constants | F5: CONSTANTS | K5: Reaction Rate Constants | O5: CONSTANTS | T5: r_DRM | U5: 9.54431e-05 | V5: 0.000185213 | W5: 0.000327357 | X5: 0.000525895 | Y5: 0.000750325 | Z5: 0.00094706 | AA5: 0.0010828 | AB5: 0.00116278 | AC5: 0.00120601 | AD5: 0.00122984 | AE5: 0.00124193 | AF5: 0.00124922
B6: A_DRM | C6: 1290000 | D6: mol/kg·s | F6: k_DRM | G6: =C6*EXP(-C7/($C$1*$C$2)) -> 7.9238573 | K6: A_DRM | L6: 1290000 | M6: mol/kg·s | O6: k_DRM | P6: =L6*EXP(-L7/($C$1*$C$2)) -> 0.00011255281 | T6: r_RWGS | U6: 0.000153838 | V6: 0.000286939 | W6: 0.000466824 | X6: 0.000684363 | Y6: 0.000898109 | Z6: 0.00106203 | AA6: 0.00116222 | AB6: 0.00121525 | AC6: 0.00124143 | AD6: 0.00125638 | AE6: 0.00126506 | AF6: 0.00126962
B7: Ea_DRM | C7: 102065 | D7: J/mol | K7: Ea_DRM | L7: 197000 | M7: J/mol | S7: 110265
B8: A_RWGS | C8: 350000 | D8: mol/kg·s | F8: k_RWGS | G8: =C8*EXP(-C9/($C$1*$C$2)) -> 25.498006 | K8: A_RWGS | L8: 350000 | M8: mol/kg·s | O8: k_RWGS | P8: =L8*EXP(-L9/($C$1*$C$2)) -> 3.7206573
B9: Ea_RWGS | C9: 81030 | D9: J/mol | K9: Ea_RWGS | L9: 97400 | M9: J/mol | S9: 88530
B10: Adsorption Constants | K10: Adsorption Constants | T10: Temperature | U10: 723 | V10: 773 | W10: 823 | X10: 873 | Y10: 923 | Z10: 973 | AA10: 1023 | AB10: 1073 | AC10: 1123 | AD10: 1173 | AE10: 1223 | AF10: 1273
A11: CH4 | B11: K_1 = K_CH4 | C11: 0.026 | D11: 1/bar | F11: K_CH4 | G11: =C11*EXP(-C12/($C$1*$C$2)) -> 3.1073041 | H11: 1/bar | J11: CH4 | K11: K_1 = K_CH4 | L11: 0.026 | M11: 1/bar | O11: K_CH4 | P11: =L11*EXP(-L12/($C$1*$C$2)) -> 0.45858473 | Q11: 1/bar | T11: K_CH4 | U11: =$L11*EXP(-$L12/($C$1*U$10)) -> 1.5087497 | V11: =$L11*EXP(-$L12/($C$1*V$10)) -> 1.1602173 | W11: =$L11*EXP(-$L12/($C$1*W$10)) -> 0.92113374 | X11: =$L11*EXP(-$L12/($C$1*X$10)) -> 0.75090607 | Y11: =$L11*EXP(-$L12/($C$1*Y$10)) -> 0.62583885 | Z11: =$L11*EXP(-$L12/($C$1*Z$10)) -> 0.53146088 | AA11: =$L11*EXP(-$L12/($C$1*AA$10)) -> 0.45858473 | AB11: =$L11*EXP(-$L12/($C$1*AB$10)) -> 0.40117817 | ... AF11: =$L11*EXP(-$L12/($C$1*AF$10)) -> 0.26099632
B12: dH_1=dH_CH4 | C12: -40684 | D12: J/mol | K12: dH_1=dH_CH4 | L12: =C12*0.6 -> -24410.4 | M12: J/mol | T12: K_CO2 | U12: =$L13*EXP(-$L14/($C$1*U$10)) -> 1.1178174 | V12: =$L13*EXP(-$L14/($C$1*V$10)) -> 0.87664867 | W12: =$L13*EXP(-$L14/($C$1*W$10)) -> 0.70811653 | X12: =$L13*EXP(-$L14/($C$1*X$10)) -> 0.58614469 | Y12: =$L13*EXP(-$L14/($C$1*Y$10)) -> 0.49522189 | Z12: =$L13*EXP(-$L14/($C$1*Z$10)) -> 0.42571453 | AA12: =$L13*EXP(-$L14/($C$1*AA$10)) -> 0.3714134 | AB12: =$L13*EXP(-$L14/($C$1*AB$10)) -> 0.32818565 | ... AF12: =$L13*EXP(-$L14/($C$1*AF$10)) -> 0.22048615
A13: CO2 | B13: K_2 = K_CO2 | C13: 0.0261 | D13: 1/bar | F13: K_CO2 | G13: =C13*EXP(-C14/($C$1*$C$2)) -> 2.1810667 | H13: 1/bar | J13: CO2 | K13: K_2 = K_CO2 | L13: 0.0261 | M13: 1/bar | O13: K_CO2 | P13: =L13*EXP(-L14/($C$1*$C$2)) -> 0.3714134 | Q13: 1/bar | T13: K_H2 | U13: =$L15*EXP(-$L16/($C$1*U$10)) -> 0.001470587 | V13: =$L15*EXP(-$L16/($C$1*V$10)) -> 0.0010648558 | W13: =$L15*EXP(-$L16/($C$1*W$10)) -> 0.00080191091 | X13: =$L15*EXP(-$L16/($C$1*X$10)) -> 0.00062383486 | Y13: =$L15*EXP(-$L16/($C$1*Y$10)) -> 0.00049868763 | Z13: =$L15*EXP(-$L16/($C$1*Z$10)) -> 0.0004079261 | AA13: =$L15*EXP(-$L16/($C$1*AA$10)) -> 0.00034030078 | AB13: =$L15*EXP(-$L16/($C$1*AB$10)) -> 0.00028872255 | ... AF13: =$L15*EXP(-$L16/($C$1*AF$10)) -> 0.00017022595
B14: dH_2=dH_CO2 | C14: -37641 | D14: J/mol | K14: dH_2=dH_CO2 | L14: =C14*0.6 -> -22584.6 | M14: J/mol | T14: K_CO | U14: =$L17*EXP(-$L18/($C$1*U$10)) -> 3.9254772e-05 | V14: =$L17*EXP(-$L18/($C$1*V$10)) -> 3.5931693e-05 | W14: =$L17*EXP(-$L18/($C$1*W$10)) -> 3.3245323e-05 | X14: =$L17*EXP(-$L18/($C$1*X$10)) -> 3.1034809e-05 | Y14: =$L17*EXP(-$L18/($C$1*Y$10)) -> 2.9188047e-05 | Z14: =$L17*EXP(-$L18/($C$1*Z$10)) -> 2.7624812e-05 | AA14: =$L17*EXP(-$L18/($C$1*AA$10)) -> 2.628636e-05 | AB14: =$L17*EXP(-$L18/($C$1*AB$10)) -> 2.5128798e-05 | ... AF14: =$L17*EXP(-$L18/($C$1*AF$10)) -> 2.1742078e-05
A15: H2 | B15: K_3 = K_H2 | C15: 1.494 | D15: 1/bar | F15: K_H2 | G15: =C15*EXP(-C16/($C$1*$C$2)) -> 3.0338894 | H15: 1/bar | J15: H2 | K15: K_3 = K_H2 | L15: 1e-05 | M15: 1/bar | O15: K_H2 | P15: =L15*EXP(-L16/($C$1*$C$2)) -> 0.00034030078 | Q15: 1/bar | T15: K_H2O | U15: =$L19*EXP(-$L20/($C$1*U$10)) -> 0.081878997 | V15: =$L19*EXP(-$L20/($C$1*V$10)) -> 0.043553754 | W15: =$L19*EXP(-$L20/($C$1*W$10)) -> 0.025014358 | X15: =$L19*EXP(-$L20/($C$1*X$10)) -> 0.015308771 | Y15: =$L19*EXP(-$L20/($C$1*Y$10)) -> 0.00988087 | Z15: =$L19*EXP(-$L20/($C$1*Z$10)) -> 0.0066710194 | AA15: =$L19*EXP(-$L20/($C$1*AA$10)) -> 0.0046802166 | AB15: =$L19*EXP(-$L20/($C$1*AB$10)) -> 0.0033937911 | ... AF15: =$L19*EXP(-$L20/($C$1*AF$10)) -> 0.0012078386
B16: dH_3=dH_H2 | C16: -6025 | D16: J/mol | K16: dH_3=dH_H2 | L16: -30000 | M16: J/mol
A17: CO2 | B17: K_-21 = K_CO | C17: 7.34e-06 | D17: 1/bar | F17: K_CO | G17: =C17*EXP(-C18/($C$1*$C$2)) -> 0.98191845 | H17: 1/bar | J17: CO2 | K17: K_-21 = K_CO | L17: 1e-05 | M17: 1/bar | O17: K_CO | P17: =L17*EXP(-L18/($C$1*$C$2)) -> 2.628636e-05 | Q17: 1/bar
B18: dH_-21=dH_CO | C18: -100395 | D18: J/mol | K18: dH_-21=dH_CO | L18: -8220 | M18: J/mol
A19: H2O | B19: K_-23 = K_H2O | C19: 4.73e-06 | D19: 1/bar | F19: K_H2O | G19: =C19*EXP(-C20/($C$1*$C$2)) -> 0.46473191 | H19: 1/bar | J19: H2O | K19: K_-23 = K_H2O | L19: 4.73e-06 | M19: 1/bar | O19: K_H2O | P19: =L19*EXP(-L20/($C$1*$C$2)) -> 0.0046802166 | Q19: 1/bar
B20: dH_-23=dH_H2O | C20: -97770 | D20: J/mol | K20: dH_-23=dH_H2O | L20: =C20*0.6 -> -58662 | M20: J/mol
B21: Equilibrium Constants | K21: Equilibrium Constants
B22: K4 = K_DRM | C22: 678000000000000 | F22: K_eq,DRM | G22: =C22*EXP(-C23/($C$1*$C$2)) -> 37.363302 | K22: K4 = K_DRM | L22: 678000000000000 | O22: K_eq,DRM | P22: =L22*EXP(-L23/($C$1*$C$2)) -> 37.363302
B23: dH_4 = dH_DRM | C23: 259660 | K23: dH_4 = dH_DRM | L23: 259660
B24: K_11 = K_RWGS | C24: 54.4971 | F24: K_eq,RWGS | G24: =C24*EXP(-C25/($C$1*$C$2)) -> 0.73879141 | K24: K_11 = K_RWGS | L24: 56.4971 | O24: K_eq,RWGS | P24: =L24*EXP(-L25/($C$1*$C$2)) -> 0.76590446
B25: dH_11 = dH_RWGS | C25: 36580 | K25: dH_11 = dH_RWGS | L25: 36580
A27: CARBON FORMATION AND GASIFICATION
A28: Benguerba et al. | J28: BEP Scaling
B29: Reaction Rate Constants | F29: CONSTANTS | K29: Reaction Rate Constants | O29: CONSTANTS
B30: A_crack | C30: 6950 | D30: mol/m3·s | F30: k_crack | G30: =C30*EXP(-C31/($C$1*$C$2)) -> 6.835726 | K30: A_crack | L30: 6950 | M30: mol/m3·s | O30: k_crack | P30: =L30*EXP(-L31/($C$1*$C$2)) -> 9.7416851e-05 | S30: 0.08
B31: Ea_crack | C31: 58893 | D31: J/mol | K31: Ea_crack | L31: 153800 | M31: J/mol | S31: 240000
B32: A_Boud | C32: 1.34e+15 | D32: mol/m3·s | F32: k_Boud | G32: =C32*EXP(-C33/($C$1*$C$2)) -> 474.655 | K32: A_Boud | L32: 1.34e+15 | M32: mol/m3·s | O32: k_Boud | P32: =L32*EXP(-L33/($C$1*$C$2)) -> 2.5378798e-08 | S32: 500000
B33: Ea_Boud | C33: 243835 | D33: J/mol | K33: Ea_Boud | L33: 445000 | M33: J/mol | S33: 175000
B34: A_gas | C34: 5550000000 | D34: mol/m3·s | K34: A_gas | L34: 5550000000 | M34: mol/m3·s | S34: 5550000000
B35: Ea_gas | C35: 166397 | D35: J/mol | K35: Ea_gas | L35: 166397 | M35: J/mol | S35: 166397
B36: Adsorption Constants | K36: Adsorption Constants
A37: C | B37: K_C | D37: 1/bar | F37: K_C | G37: =C37*EXP(-C38/($C$1*$C$2)) -> 0 | H37: 1/bar | J37: C | K37: K_C | M37: 1/bar | O37: K_C | P37: =L37*EXP(-L38/($C$1*$C$2)) -> 0 | Q37: 1/bar
B38: dH_C | D38: J/mol | K38: dH_C | M38: J/mol
B39: Equilibrium Constants | K39: Equilibrium Constants
B40: K_crack | C40: 2.98e-05 | F40: K_eq,crack | G40: =C40*EXP(-C41/($C$1*$C$2)) -> 1.4538938e-09 | K40: K_crack | L40: 298000 | O40: K_eq,crack | P40: =L40*EXP(-L41/($C$1*$C$2)) -> 14.538938 | S40: 298000
B41: dH_crack | C41: 84440 | K41: dH_crack | L41: 84440 | S41: 84440
B42: K_Boud | C42: 1930000000 | F42: K_eq,Boud | G42: =C42*EXP(-C43/($C$1*$C$2)) -> 4.7886717 | K42: K_Boud | L42: 1930000000 | O42: K_eq,Boud | P42: =L42*EXP(-L43/($C$1*$C$2)) -> 4.7886717 | S42: 1930000000
B43: dH_Boud | C43: 168527 | K43: dH_Boud | L43: 168527 | S43: 168527
B44: K_gas | C44: 13827000 | L44: 13827000 | S44: 13827000
B45: dH_gas | C45: 125916 | L45: 125916 | S45: 125916

Sheet BEP
A1: S | B1: 0.6
A2: alfa | B2: 0.5
A7: DRM
A8: Step4 (i=4) | B8: dH_Ni | C8: dH_gas | D8: dH_Sn | E8: ddH | F8: E_a,Sn
B9: -35 | C9: 439.6 | D9: =C9+$B$1*(B9-C9) -> 154.84 | E9: =D9-B9 -> 189.84 | F9: =('Domain-Shift'!C7)/1000+$B$2*E9 -> 196.985 | G9: kJ/mol
A11: RWGS
A12: Step4 (i=11) | B12: dH_Ni | C12: dH_gas | D12: dH_Sn | E12: ddH | F12: E_a,Sn
B13: -38 | C13: 43.8 | D13: =C13+$B$1*(B13-C13) -> -5.28 | E13: =D13-B13 -> 32.72 | F13: =('Domain-Shift'!C9)/1000+$B$2*E13 -> 97.39 | G13: kJ/mol
A15: Crack
A16: Step4 (i=4) | B16: dH_Ni | C16: dH_gas | D16: dH_Sn | E16: ddH | F16: E_a,Sn
B17: -35 | C17: 439.6 | D17: =C17+$B$1*(B17-C17) -> 154.84 | E17: =D17-B17 -> 189.84 | F17: =('Domain-Shift'!C31)/1000+$B$2*E17 -> 153.813 | G17: kJ/mol
A19: Boud
A20: Step4 (i=4) | B20: dH_Ni | C20: dH_gas | D20: dH_Sn | E20: ddH | F20: E_a,Sn
B21: -35 | C21: 439.6 | D21: =C21+$B$1*(B21-C21) -> 154.84 | E21: =D21-B21 -> 189.84 | F21: =('Domain-Shift'!C33)/1000+$B$2*E21 -> 338.755 | G21: kJ/mol

Sheet Surface Renewal
A1: SURFACE RENEWAL DYNAMICS AND EFFECTIVE SITE VACANCY
A2: Parameter | B2: Min | C2: Max
A3: u_s | B3: =0.001 -> 0.001 | C3: =0.01 -> 0.01 | D3: m/s
A4: L_s | B4: =0.01 -> 0.01 | C4: =0.1 -> 0.1 | D4: m
A5: s | B5: 30 | C5: 80 | D5: 1/s
A7: \upsilon | B7: =10000000000000 -> 10000000000000 | C7: 1/s
A8: \theta | B8: 1
A9: E_des | B9: |dH_ads| | C9: from "Kinetic parameters"
A10: R | B10: 8.314 | C10: J/mol·K
A12: Calculo k_des:
B13: 723 | C13: 773 | D13: 823 | E13: 873 | F13: 923 | G13: 973 | H13: 1023 | I13: 1073 | J13: 1123 | K13: 1173 | L13: 1223 | M13: 1273 | N13: 1323
A14: Temp. [K] | B14: 723 | C14: 773 | D14: 823 | E14: 873 | F14: 923 | G14: 973 | H14: 1023 | I14: 1073 | J14: 1123 | K14: 1173 | L14: 1223 | M14: 1273 | N14: 1323
A15: k_des_CH4 | B15: =$B$7*$B$8*EXP(-(ABS('Kinetic parameters'!$B17))/($B$10*B$13)) -> 1.7232812e+11 | C15: =$B$7*$B$8*EXP(-(ABS('Kinetic parameters'!$B17))/($B$10*C$13)) -> 2.2409595e+11 | D15: =$B$7*$B$8*EXP(-(ABS('Kinetic parameters'!$B17))/($B$10*D$13)) -> 2.8226086e+11 | E15: =$B$7*$B$8*EXP(-(ABS('Kinetic parameters'!$B17))/($B$10*E$13)) -> 3.4624837e+11 | F15: =$B$7*$B$8*EXP(-(ABS('Kinetic parameters'!$B17))/($B$10*F$13)) -> 4.1544241e+11 | G15: =$B$7*$B$8*EXP(-(ABS('Kinetic parameters'!$B17))/($B$10*G$13)) -> 4.8921757e+11 | H15: =$B$7*$B$8*EXP(-(ABS('Kinetic parameters'!$B17))/($B$10*H$13)) -> 5.6696174e+11 | I15: =$B$7*$B$8*EXP(-(ABS('Kinetic parameters'!$B17))/($B$10*I$13)) -> 6.480911e+11 | ... N15: =$B$7*$B$8*EXP(-(ABS('Kinetic parameters'!$B17))/($B$10*N$13)) -> 1.0869126e+12 | O15: 1/s
A16: k_des_CO2 | B16: =$B$7*$B$8*EXP(-(ABS('Kinetic parameters'!$B19))/($B$10*B$13)) -> 2.3349072e+11 | C16: =$B$7*$B$8*EXP(-(ABS('Kinetic parameters'!$B19))/($B$10*C$13)) -> 2.9772474e+11 | D16: =$B$7*$B$8*EXP(-(ABS('Kinetic parameters'!$B19))/($B$10*D$13)) -> 3.685834e+11 | E16: =$B$7*$B$8*EXP(-(ABS('Kinetic parameters'!$B19))/($B$10*E$13)) -> 4.4528255e+11 | F16: =$B$7*$B$8*EXP(-(ABS('Kinetic parameters'!$B19))/($B$10*F$13)) -> 5.2703648e+11 | G16: =$B$7*$B$8*EXP(-(ABS('Kinetic parameters'!$B19))/($B$10*G$13)) -> 6.130869e+11 | H16: =$B$7*$B$8*EXP(-(ABS('Kinetic parameters'!$B19))/($B$10*H$13)) -> 7.02721e+11 | I16: =$B$7*$B$8*EXP(-(ABS('Kinetic parameters'!$B19))/($B$10*I$13)) -> 7.9528156e+11 | ... N16: =$B$7*$B$8*EXP(-(ABS('Kinetic parameters'!$B19))/($B$10*N$13)) -> 1.2831677e+12 | O16: 1/s
A17: k_des_H2 | B17: =$B$7*$B$8*EXP(-(ABS('Kinetic parameters'!$B21))/($B$10*B$13)) -> 6.8000056e+10 | C17: =$B$7*$B$8*EXP(-(ABS('Kinetic parameters'!$B21))/($B$10*C$13)) -> 9.3909427e+10 | D17: =$B$7*$B$8*EXP(-(ABS('Kinetic parameters'!$B21))/($B$10*D$13)) -> 1.2470213e+11 | E17: =$B$7*$B$8*EXP(-(ABS('Kinetic parameters'!$B21))/($B$10*E$13)) -> 1.6029883e+11 | F17: =$B$7*$B$8*EXP(-(ABS('Kinetic parameters'!$B21))/($B$10*F$13)) -> 2.0052633e+11 | G17: =$B$7*$B$8*EXP(-(ABS('Kinetic parameters'!$B21))/($B$10*G$13)) -> 2.4514244e+11 | H17: =$B$7*$B$8*EXP(-(ABS('Kinetic parameters'!$B21))/($B$10*H$13)) -> 2.9385768e+11 | I17: =$B$7*$B$8*EXP(-(ABS('Kinetic parameters'!$B21))/($B$10*I$13)) -> 3.4635327e+11 | ... N17: =$B$7*$B$8*EXP(-(ABS('Kinetic parameters'!$B21))/($B$10*N$13)) -> 6.5388032e+11 | O17: 1/s
A18: k_des_CO | B18: =$B$7*$B$8*EXP(-(ABS('Kinetic parameters'!$B23))/($B$10*B$13)) -> 2.547461e+12 | C18: =$B$7*$B$8*EXP(-(ABS('Kinetic parameters'!$B23))/($B$10*C$13)) -> 2.7830584e+12 | D18: =$B$7*$B$8*EXP(-(ABS('Kinetic parameters'!$B23))/($B$10*D$13)) -> 3.0079419e+12 | E18: =$B$7*$B$8*EXP(-(ABS('Kinetic parameters'!$B23))/($B$10*E$13)) -> 3.2221883e+12 | F18: =$B$7*$B$8*EXP(-(ABS('Kinetic parameters'!$B23))/($B$10*F$13)) -> 3.42606e+12 | G18: =$B$7*$B$8*EXP(-(ABS('Kinetic parameters'!$B23))/($B$10*G$13)) -> 3.6199341e+12 | H18: =$B$7*$B$8*EXP(-(ABS('Kinetic parameters'!$B23))/($B$10*H$13)) -> 3.8042544e+12 | I18: =$B$7*$B$8*EXP(-(ABS('Kinetic parameters'!$B23))/($B$10*I$13)) -> 3.979498e+12 | ... N18: =$B$7*$B$8*EXP(-(ABS('Kinetic parameters'!$B23))/($B$10*N$13)) -> 4.7363798e+12 | O18: 1/s
A19: k_des_H2O | B19: =$B$7*$B$8*EXP(-(ABS('Kinetic parameters'!$B25))/($B$10*B$13)) -> 5.7768172e+08 | C19: =$B$7*$B$8*EXP(-(ABS('Kinetic parameters'!$B25))/($B$10*C$13)) -> 1.0860143e+09 | D19: =$B$7*$B$8*EXP(-(ABS('Kinetic parameters'!$B25))/($B$10*D$13)) -> 1.890914e+09 | E19: =$B$7*$B$8*EXP(-(ABS('Kinetic parameters'!$B25))/($B$10*E$13)) -> 3.0897321e+09 | F19: =$B$7*$B$8*EXP(-(ABS('Kinetic parameters'!$B25))/($B$10*F$13)) -> 4.7870279e+09 | G19: =$B$7*$B$8*EXP(-(ABS('Kinetic parameters'!$B25))/($B$10*G$13)) -> 7.0903707e+09 | H19: =$B$7*$B$8*EXP(-(ABS('Kinetic parameters'!$B25))/($B$10*H$13)) -> 1.010637e+10 | I19: =$B$7*$B$8*EXP(-(ABS('Kinetic parameters'!$B25))/($B$10*I$13)) -> 1.3937216e+10 | ... N19: =$B$7*$B$8*EXP(-(ABS('Kinetic parameters'!$B25))/($B$10*N$13)) -> 4.8286453e+10 | O19: 1/s
A21: Calculo Da_s:
A22: Extr. Min. s | B22: 0.1 | C22: 1/s
B23: 723 | C23: 773 | D23: 823 | E23: 873 | F23: 923 | G23: 973 | H23: 1023 | I23: 1073 | J23: 1123 | K23: 1173 | L23: 1223 | M23: 1273 | N23: 1323
A24: Temp. [K] | B24: 723 | C24: 773 | D24: 823 | E24: 873 | F24: 923 | G24: 973 | H24: 1023 | I24: 1073 | J24: 1123 | K24: 1173 | L24: 1223 | M24: 1273 | N24: 1323
A25: k_des_CH4 | B25: =$B$22/B15 -> 5.8028836e-13 | C25: =$B$22/C15 -> 4.4623742e-13 | D25: =$B$22/D15 -> 3.5428221e-13 | E25: =$B$22/E15 -> 2.8881003e-13 | F25: =$B$22/F15 -> 2.4070725e-13 | G25: =$B$22/G15 -> 2.0440803e-13 | H25: =$B$22/H15 -> 1.7637874e-13 | I25: =$B$22/I15 -> 1.5429929e-13 | ... N25: =$B$22/N15 -> 9.2003717e-14
A26: k_des_CO2 | B26: =$B$22/B16 -> 4.2828254e-13 | C26: =$B$22/C16 -> 3.3588071e-13 | D26: =$B$22/D16 -> 2.7130902e-13 | E26: =$B$22/E16 -> 2.2457651e-13 | F26: =$B$22/F16 -> 1.8974019e-13 | G26: =$B$22/G16 -> 1.6310901e-13 | H26: =$B$22/H16 -> 1.4230399e-13 | I26: =$B$22/I16 -> 1.2574163e-13 | ... N26: =$B$22/N16 -> 7.7932139e-14
A27: k_des_H2 | B27: =$B$22/B17 -> 1.470587e-12 | C27: =$B$22/C17 -> 1.0648558e-12 | D27: =$B$22/D17 -> 8.0191091e-13 | E27: =$B$22/E17 -> 6.2383486e-13 | F27: =$B$22/F17 -> 4.9868763e-13 | G27: =$B$22/G17 -> 4.079261e-13 | H27: =$B$22/H17 -> 3.4030078e-13 | I27: =$B$22/I17 -> 2.8872255e-13 | ... N27: =$B$22/N17 -> 1.5293319e-13
A28: k_des_CO | B28: =$B$22/B18 -> 3.9254772e-14 | C28: =$B$22/C18 -> 3.5931693e-14 | D28: =$B$22/D18 -> 3.3245323e-14 | E28: =$B$22/E18 -> 3.1034809e-14 | F28: =$B$22/F18 -> 2.9188047e-14 | G28: =$B$22/G18 -> 2.7624812e-14 | H28: =$B$22/H18 -> 2.628636e-14 | I28: =$B$22/I18 -> 2.5128798e-14 | ... N28: =$B$22/N18 -> 2.1113172e-14
A29: k_des_H2O | B29: =$B$22/B19 -> 1.731057e-10 | C29: =$B$22/C19 -> 9.2079818e-11 | D29: =$B$22/D19 -> 5.2884477e-11 | E29: =$B$22/E19 -> 3.2365266e-11 | F29: =$B$22/F19 -> 2.0889788e-11 | G29: =$B$22/G19 -> 1.4103635e-11 | H29: =$B$22/H19 -> 9.8947497e-12 | I29: =$B$22/I19 -> 7.1750341e-12 | ... N29: =$B$22/N19 -> 2.0709742e-12
A31: Valor medio s | B31: =(B5+C5)/2 -> 55 | C31: 1/s
B32: 723 | C32: 773 | D32: 823 | E32: 873 | F32: 923 | G32: 973 | H32: 1023 | I32: 1073 | J32: 1123 | K32: 1173 | L32: 1223 | M32: 1273 | N32: 1323
A33: Temp. [K] | B33: 723 | C33: 773 | D33: 823 | E33: 873 | F33: 923 | G33: 973 | H33: 1023 | I33: 1073 | J33: 1123 | K33: 1173 | L33: 1223 | M33: 1273 | N33: 1323
A34: k_des_CH4 | B34: =$B$31/B15 -> 3.191586e-10 | C34: =$B$31/C15 -> 2.4543058e-10 | D34: =$B$31/D15 -> 1.9485521e-10 | E34: =$B$31/E15 -> 1.5884551e-10 | F34: =$B$31/F15 -> 1.3238899e-10 | G34: =$B$31/G15 -> 1.1242442e-10 | H34: =$B$31/H15 -> 9.7008309e-11 | I34: =$B$31/I15 -> 8.4864612e-11 | ... N34: =$B$31/N15 -> 5.0602044e-11
A35: k_des_CO2 | B35: =$B$31/B16 -> 2.355554e-10 | C35: =$B$31/C16 -> 1.8473439e-10 | D35: =$B$31/D16 -> 1.4921996e-10 | E35: =$B$31/E16 -> 1.2351708e-10 | F35: =$B$31/F16 -> 1.043571e-10 | G35: =$B$31/G16 -> 8.9709958e-11 | H35: =$B$31/H16 -> 7.8267192e-11 | I35: =$B$31/I16 -> 6.9157896e-11 | ... N35: =$B$31/N16 -> 4.2862677e-11
A36: k_des_H2 | B36: =$B$31/B17 -> 8.0882286e-10 | C36: =$B$31/C17 -> 5.856707e-10 | D36: =$B$31/D17 -> 4.41051e-10 | E36: =$B$31/E17 -> 3.4310917e-10 | F36: =$B$31/F17 -> 2.742782e-10 | G36: =$B$31/G17 -> 2.2435936e-10 | H36: =$B$31/H17 -> 1.8716543e-10 | I36: =$B$31/I17 -> 1.587974e-10 | ... N36: =$B$31/N17 -> 8.4113252e-11
A37: k_des_CO | B37: =$B$31/B18 -> 2.1590125e-11 | C37: =$B$31/C18 -> 1.9762431e-11 | D37: =$B$31/D18 -> 1.8284928e-11 | E37: =$B$31/E18 -> 1.7069145e-11 | F37: =$B$31/F18 -> 1.6053426e-11 | G37: =$B$31/G18 -> 1.5193647e-11 | H37: =$B$31/H18 -> 1.4457498e-11 | I37: =$B$31/I18 -> 1.3820839e-11 | ... N37: =$B$31/N18 -> 1.1612244e-11
A38: k_des_H2O | B38: =$B$31/B19 -> 9.5208136e-08 | C38: =$B$31/C19 -> 5.06439e-08 | D38: =$B$31/D19 -> 2.9086462e-08 | E38: =$B$31/E19 -> 1.7800896e-08 | F38: =$B$31/F19 -> 1.1489384e-08 | G38: =$B$31/G19 -> 7.7569993e-09 | H38: =$B$31/H19 -> 5.4421123e-09 | I38: =$B$31/I19 -> 3.9462688e-09 | ... N38: =$B$31/N19 -> 1.1390358e-09

Sheet Mass Transfer 
A1: INTERFACIAL MASS TRANSFER AT THE GAS-LIQUID METAL BOUNDARY
A2: Parameter | B2: Min | C2: Max | E2: Units
A3: D_LM | B3: 1e-09 | C3: 1e-08 | E3: m2/s
A4: s | B4: ='Surface Renewal'!C5 -> 80 | C4: =(B4+D4)/2 -> 55 | D4: ='Surface Renewal'!B5 -> 30 | E4: 1/s
A5: k_L | B5: =SQRT($B$3*B4) -> 0.00028284271 | C5: =SQRT($B$3*C4) -> 0.00023452079 | D5: =SQRT($B$3*D4) -> 0.00017320508 | E5: m/s
B6: =SQRT($C$3*B4) -> 0.00089442719 | C6: =SQRT($C$3*C4) -> 0.00074161985 | D6: =SQRT($C$3*D4) -> 0.00054772256
A8: Número de Hatta
A9: k_rxn | B9: =10^2 -> 100 | C9: =10^4 -> 10000 | D9: 1/s | E9: ='Kinetic parameters'!F7*'Kinetic parameters'!H16*B10*'Kinetic parameters'!B3*'Kinetic parameters'!B5/(B11^2) -> 0.032650074 | F9: ='Kinetic parameters'!F7*'Kinetic parameters'!H16*C10*'Kinetic parameters'!B3*'Kinetic parameters'!B5/(B11^2) -> 0.83584189 | L9: Ha = 50 | M9: Ha = 11,18 | N9: Ha =5,8 | O9: Ha =3,53 | P9: Ha =3,53 | Q9: Ha = 0,351
A10: Dens_cat | B10: 250 | C10: 6400 | D10: kg/m3 | L10: DLM = 1·10-8 | M10: DLM = 1·10-8 | N10: DLM = 1·10-8 | O10: DLM = 1·10-9 | P10: DLM = 1·10-8 | Q10: DLM = 1·10-9
A11: Omega | B11: 1.5 | L11: krxn = 1·104 | M11: krxn = 1·104 | N11: krxn = 1·102 | O11: krxn = 1·104 | P11: krxn = 1·102 | Q11: krxn = 1·102
A12: Ha | B12: =SQRT($B$9*$B$3)/B5 -> 1.118034 | C12: =SQRT($B$9*$B$3)/C5 -> 1.3483997 | D12: =SQRT($B$9*$B$3)/D5 -> 1.8257419 | E12: =SQRT($B$9*$C$3)/B5 -> 3.5355339 | F12: =SQRT($B$9*$C$3)/C5 -> 4.2640143 | G12: =SQRT($B$9*$C$3)/D5 -> 5.7735027 | L12: kL = 2·10-4 | M12: kL = 9·10-4 | N12: kL = 9·10-4 | O12: kL = 9·10-4 | P12: kL = 3·10-4 | Q12: kL = 9·10-4
A13: =SQRT($C$9*$C$3)/0.0002 -> 50 | B13: =SQRT($B$9*$B$3)/B6 -> 0.35355339 | C13: =SQRT($B$9*$B$3)/C6 -> 0.42640143 | D13: =SQRT($B$9*$B$3)/D6 -> 0.57735027 | E13: =SQRT($B$9*$C$3)/B6 -> 1.118034 | F13: =SQRT($B$9*$C$3)/C6 -> 1.3483997 | G13: =SQRT($B$9*$C$3)/D6 -> 1.8257419 | L13: η_GL​=0,02 | M13: η_GL​=0,09 | N13: η_GL​=0,282 | O13: η_GL​=0,282 | P13: η_GL​=0,282 | Q13: η_GL​=0,961
A14: =SQRT($B$9*$B$3)/0.0009 -> 0.35136418 | B14: =SQRT($C$9*$B$3)/B5 -> 11.18034 | C14: =SQRT($C$9*$B$3)/C5 -> 13.483997 | D14: =SQRT($C$9*$B$3)/D5 -> 18.257419 | E14: =SQRT($C$9*$C$3)/B5 -> 35.355339 | F14: =SQRT($C$9*$C$3)/C5 -> 42.640143 | G14: =SQRT($C$9*$C$3)/D5 -> 57.735027
B15: =SQRT($C$9*$B$3)/B6 -> 3.5355339 | C15: =SQRT($C$9*$B$3)/C6 -> 4.2640143 | D15: =SQRT($C$9*$B$3)/D6 -> 5.7735027 | E15: =SQRT($C$9*$C$3)/B6 -> 11.18034 | F15: =SQRT($C$9*$C$3)/C6 -> 13.483997 | G15: =SQRT($C$9*$C$3)/D6 -> 18.257419
A17: El numero de Hatta se sitúa entre 50 y 0,35
A19: η_GL​
A20: η_GL​ | B20: =TANH(B12)/B12 -> 0.72169898 | C20: =TANH(C12)/C12 -> 0.64793475 | D20: =TANH(D12)/D12 -> 0.52001207 | E20: =TANH(E12)/E12 -> 0.28236267 | F20: =TANH(F12)/F12 -> 0.23442801 | G20: =TANH(G12)/G12 -> 0.17320173
A21: =TANH(A13)/A13 -> 0.02 | B21: =TANH(B13)/B13 -> 0.96031634 | C21: =TANH(C13)/C13 -> 0.94349953 | D21: =TANH(D13)/D13 -> 0.90194274 | E21: =TANH(E13)/E13 -> 0.72169898 | F21: =TANH(F13)/F13 -> 0.64793475 | G21: =TANH(G13)/G13 -> 0.52001207
A22: =TANH(A14)/A14 -> 0.96078323 | B22: =TANH(B14)/B14 -> 0.089442719 | C22: =TANH(C14)/C14 -> 0.074161985 | D22: =TANH(D14)/D14 -> 0.054772256 | E22: =TANH(E14)/E14 -> 0.028284271 | F22: =TANH(F14)/F14 -> 0.023452079 | G22: =TANH(G14)/G14 -> 0.017320508
B23: =TANH(B15)/B15 -> 0.28236267 | C23: =TANH(C15)/C15 -> 0.23442801 | D23: =TANH(D15)/D15 -> 0.17320173 | E23: =TANH(E15)/E15 -> 0.089442719 | F23: =TANH(F15)/F15 -> 0.074161985 | G23: =TANH(G15)/G15 -> 0.054772256

Sheet Ads equilibria Ω
B1: R= | C1: 8.314 | D1: J/mol K
B2: T= | C2: 773 | D2: K
B3: Adsorption Constants | F3: CONSTANTS | K3: Inlet | L3: =L4-273 -> 450 | M3: =M4-273 -> 500 | N3: =N4-273 -> 550 | O3: =O4-273 -> 600 | P3: =P4-273 -> 650 | Q3: =Q4-273 -> 700 | R3: =R4-273 -> 750 | S3: =S4-273 -> 800 | ... W3: =W4-273 -> 1000
A4: CH4 | B4: K_1 = K_CH4 | C4: ='Domain-Shift'!L11 -> 0.026 | D4: 1/bar | F4: K_CH4 | G4: =C4*EXP(-C5/($C$1*$C$2)) -> 1.1602173 | H4: 1/bar | K4: Temperature | L4: 723 | M4: 773 | N4: 823 | O4: 873 | P4: 923 | Q4: 973 | R4: 1023 | S4: 1073 | T4: 1123 | U4: 1173 | V4: 1223 | W4: 1273
B5: dH_1=dH_CH4 | C5: ='Domain-Shift'!L12 -> -24410.4 | D5: J/mol | K5: K_CH4*P_CH4 | L5: =($C4*EXP(-$C5/($C$1*L$4)))*$C18 -> 0.75437486 | M5: =($C4*EXP(-$C5/($C$1*M$4)))*$C18 -> 0.58010865 | N5: =($C4*EXP(-$C5/($C$1*N$4)))*$C18 -> 0.46056687 | O5: =($C4*EXP(-$C5/($C$1*O$4)))*$C18 -> 0.37545303 | P5: =($C4*EXP(-$C5/($C$1*P$4)))*$C18 -> 0.31291943 | Q5: =($C4*EXP(-$C5/($C$1*Q$4)))*$C18 -> 0.26573044 | R5: =($C4*EXP(-$C5/($C$1*R$4)))*$C18 -> 0.22929237 | S5: =($C4*EXP(-$C5/($C$1*S$4)))*$C18 -> 0.20058908 | ... W5: =($C4*EXP(-$C5/($C$1*W$4)))*$C18 -> 0.13049816
A6: CO2 | B6: K_2 = K_CO2 | C6: ='Domain-Shift'!L13 -> 0.0261 | D6: 1/bar | F6: K_CO2 | G6: =C6*EXP(-C7/($C$1*$C$2)) -> 0.87664867 | H6: 1/bar | K6: K_CO2*P_CO2 | L6: =($C6*EXP(-$C7/($C$1*L$4)))*$C19 -> 0.55890872 | M6: =($C6*EXP(-$C7/($C$1*M$4)))*$C19 -> 0.43832433 | N6: =($C6*EXP(-$C7/($C$1*N$4)))*$C19 -> 0.35405827 | O6: =($C6*EXP(-$C7/($C$1*O$4)))*$C19 -> 0.29307234 | P6: =($C6*EXP(-$C7/($C$1*P$4)))*$C19 -> 0.24761095 | Q6: =($C6*EXP(-$C7/($C$1*Q$4)))*$C19 -> 0.21285726 | R6: =($C6*EXP(-$C7/($C$1*R$4)))*$C19 -> 0.1857067 | S6: =($C6*EXP(-$C7/($C$1*S$4)))*$C19 -> 0.16409283 | ... W6: =($C6*EXP(-$C7/($C$1*W$4)))*$C19 -> 0.11024308
B7: dH_2=dH_CO2 | C7: ='Domain-Shift'!L14 -> -22584.6 | D7: J/mol | K7: sqrt(K_H2*P_H2) | L7: =SQRT(($C8*EXP(-$C9/($C$1*L$4)))*$C20) -> 0 | M7: =SQRT(($C8*EXP(-$C9/($C$1*M$4)))*$C20) -> 0 | N7: =SQRT(($C8*EXP(-$C9/($C$1*N$4)))*$C20) -> 0 | O7: =SQRT(($C8*EXP(-$C9/($C$1*O$4)))*$C20) -> 0 | P7: =SQRT(($C8*EXP(-$C9/($C$1*P$4)))*$C20) -> 0 | Q7: =SQRT(($C8*EXP(-$C9/($C$1*Q$4)))*$C20) -> 0 | R7: =SQRT(($C8*EXP(-$C9/($C$1*R$4)))*$C20) -> 0 | S7: =SQRT(($C8*EXP(-$C9/($C$1*S$4)))*$C20) -> 0 | ... W7: =SQRT(($C8*EXP(-$C9/($C$1*W$4)))*$C20) -> 0
A8: H2 | B8: K_3 = K_H2 | C8: ='Domain-Shift'!L15 -> 1e-05 | D8: 1/bar | F8: K_H2 | G8: =C8*EXP(-C9/($C$1*$C$2)) -> 0.0010648558 | H8: 1/bar | K8: K_CO*P_CO | L8: =($C10*EXP(-$C11/($C$1*L$4)))*$C21 -> 0 | M8: =($C10*EXP(-$C11/($C$1*M$4)))*$C21 -> 0 | N8: =($C10*EXP(-$C11/($C$1*N$4)))*$C21 -> 0 | O8: =($C10*EXP(-$C11/($C$1*O$4)))*$C21 -> 0 | P8: =($C10*EXP(-$C11/($C$1*P$4)))*$C21 -> 0 | Q8: =($C10*EXP(-$C11/($C$1*Q$4)))*$C21 -> 0 | R8: =($C10*EXP(-$C11/($C$1*R$4)))*$C21 -> 0 | S8: =($C10*EXP(-$C11/($C$1*S$4)))*$C21 -> 0 | ... W8: =($C10*EXP(-$C11/($C$1*W$4)))*$C21 -> 0
B9: dH_3=dH_H2 | C9: ='Domain-Shift'!L16 -> -30000 | D9: J/mol | K9: K_H2O*P_H2O | L9: =($C12*EXP(-$C13/($C$1*L$4)))*$C22 -> 0 | M9: =($C12*EXP(-$C13/($C$1*M$4)))*$C22 -> 0 | N9: =($C12*EXP(-$C13/($C$1*N$4)))*$C22 -> 0 | O9: =($C12*EXP(-$C13/($C$1*O$4)))*$C22 -> 0 | P9: =($C12*EXP(-$C13/($C$1*P$4)))*$C22 -> 0 | Q9: =($C12*EXP(-$C13/($C$1*Q$4)))*$C22 -> 0 | R9: =($C12*EXP(-$C13/($C$1*R$4)))*$C22 -> 0 | S9: =($C12*EXP(-$C13/($C$1*S$4)))*$C22 -> 0 | ... W9: =($C12*EXP(-$C13/($C$1*W$4)))*$C22 -> 0
A10: CO2 | B10: K_-21 = K_CO | C10: ='Domain-Shift'!L17 -> 1e-05 | D10: 1/bar | F10: K_CO | G10: =C10*EXP(-C11/($C$1*$C$2)) -> 3.5931693e-05 | H10: 1/bar | K10: Ω_total | L10: =1+SUM(L5:L9) -> 2.3132836 | M10: =1+SUM(M5:M9) -> 2.018433 | N10: =1+SUM(N5:N9) -> 1.8146251 | O10: =1+SUM(O5:O9) -> 1.6685254 | P10: =1+SUM(P5:P9) -> 1.5605304 | Q10: =1+SUM(Q5:Q9) -> 1.4785877 | R10: =1+SUM(R5:R9) -> 1.4149991 | S10: =1+SUM(S5:S9) -> 1.3646819 | ... W10: =1+SUM(W5:W9) -> 1.2407412
B11: dH_-21=dH_CO | C11: ='Domain-Shift'!L18 -> -8220 | D11: J/mol | K11: (Ω_total)^2 | L11: =L10^2 -> 5.3512809 | M11: =M10^2 -> 4.0740717 | N11: =N10^2 -> 3.2928644 | O11: =O10^2 -> 2.7839769 | P11: =P10^2 -> 2.435255 | Q11: =Q10^2 -> 2.1862216 | R11: =R10^2 -> 2.0022224 | S11: =S10^2 -> 1.8623567 | ... W11: =W10^2 -> 1.5394388
A12: H2O | B12: K_-23 = K_H2O | C12: ='Domain-Shift'!L19 -> 4.73e-06 | D12: 1/bar | F12: K_H2O | G12: =C12*EXP(-C13/($C$1*$C$2)) -> 0.043553754 | H12: 1/bar | L12: =1/L11 -> 0.18687115 | M12: =1/M11 -> 0.24545469 | N12: =1/N11 -> 0.30368697 | O12: =1/O11 -> 0.35919838 | P12: =1/P11 -> 0.41063461 | Q12: =1/Q11 -> 0.45741017 | R12: =1/R11 -> 0.49944503 | S12: =1/S11 -> 0.53695406 | ... W12: =1/W11 -> 0.64958736
B13: dH_-23=dH_H2O | C13: ='Domain-Shift'!L20 -> -58662 | D13: J/mol | K13: Outlet
K14: Temperature | L14: 723 | M14: 773 | N14: 823 | O14: 873 | P14: 923 | Q14: 973 | R14: 1023 | S14: 1073 | T14: 1123 | U14: 1173 | V14: 1223 | W14: 1273
K15: K_CH4*P_CH4 | L15: =($C4*EXP(-$C5/($C$1*L$14)))*L$26 -> 0.76412955 | M15: =($C4*EXP(-$C5/($C$1*M$14)))*M$26 -> 0.58671869 | N15: =($C4*EXP(-$C5/($C$1*N$14)))*N$26 -> 0.46137157 | O15: =($C4*EXP(-$C5/($C$1*O$14)))*O$26 -> 0.35925215 | P15: =($C4*EXP(-$C5/($C$1*P$14)))*P$26 -> 0.25090105 | Q15: =($C4*EXP(-$C5/($C$1*Q$14)))*Q$26 -> 0.12595851 | R15: =($C4*EXP(-$C5/($C$1*R$14)))*R$26 -> 0.036708671 | S15: =($C4*EXP(-$C5/($C$1*S$14)))*S$26 -> 0.010497245 | ... W15: =($C4*EXP(-$C5/($C$1*W$14)))*W$26 -> 0.00089604305 | AF15: $0,658$ | AG15: $0,439$ | AH15: $0,276$ | AI15: $0,158$ | AJ15: $0,082$ | AK15: $0,040$ | AL15: $0,019$ | AM15: $9,27\cdot 10^{-3}$ | AN15: $4,92\cdot 10^{-3}$ | AO15: $2,83\cdot 10^{-3}$ | AP15: $1,95\cdot 10^{-3}$ | AQ15: $1,29\cdot 10^{-3}$
B16: PARTIAL PRESSURES | F16: K_i*P_i | K16: K_CO2*P_CO2 | L16: =($C6*EXP(-$C7/($C$1*L$14)))*L$27 -> 0.56590438 | M16: =($C6*EXP(-$C7/($C$1*M$14)))*M$27 -> 0.44250935 | N16: =($C6*EXP(-$C7/($C$1*N$14)))*N$27 -> 0.35091598 | O16: =($C6*EXP(-$C7/($C$1*O$14)))*O$27 -> 0.26770484 | P16: =($C6*EXP(-$C7/($C$1*P$14)))*P$27 -> 0.17180028 | Q16: =($C6*EXP(-$C7/($C$1*Q$14)))*Q$27 -> 0.073305709 | R16: =($C6*EXP(-$C7/($C$1*R$14)))*R$27 -> 0.017901473 | S16: =($C6*EXP(-$C7/($C$1*S$14)))*S$27 -> 0.0045441402 | ... W16: =($C6*EXP(-$C7/($C$1*W$14)))*W$27 -> 0.00027356265
B17: Inlet | K17: sqrt(K_H2*P_H2) | L17: =SQRT(($C8*EXP(-$C9/($C$1*L$14)))*L$28) -> 3.8934253e-05 | M17: =SQRT(($C8*EXP(-$C9/($C$1*M$14)))*M$28) -> 0.00013785999 | N17: =SQRT(($C8*EXP(-$C9/($C$1*N$14)))*N$28) -> 0.00059569491 | O17: =SQRT(($C8*EXP(-$C9/($C$1*O$14)))*O$28) -> 0.0020132055 | P17: =SQRT(($C8*EXP(-$C9/($C$1*P$14)))*P$28) -> 0.0050792313 | Q17: =SQRT(($C8*EXP(-$C9/($C$1*Q$14)))*Q$28) -> 0.0091404329 | R17: =SQRT(($C8*EXP(-$C9/($C$1*R$14)))*R$28) -> 0.011589911 | S17: =SQRT(($C8*EXP(-$C9/($C$1*S$14)))*S$28) -> 0.011625929 | ... W17: =SQRT(($C8*EXP(-$C9/($C$1*W$14)))*W$28) -> 0.0092348816 | AF17: $0,463$ | AG17: $0,300$ | AH17: $0,181$ | AI17: $9,70\cdot 10^{-2}$ | AJ17: $4,70\cdot 10^{-2}$ | AK17: $2,10\cdot 10^{-2}$ | AL17: $8,92\cdot 10^{-3}$ | AM17: $4,00\cdot 10^{-3}$ | AN17: $1,94\cdot 10^{-3}$ | AO17: $9,37\cdot 10^{-4}$ | AP17: $4,27\cdot 10^{-4}$ | AQ17: $1,89\cdot 10^{-4}$
B18: P_CH4 | C18: 0.5 | D18: bar | F18: K_CH4*P_CH4 | G18: =G4*C18 -> 0.58010865 | K18: K_CO*P_CO | L18: =($C10*EXP(-$C11/($C$1*L$14)))*L$29 -> 1.2434804e-08 | M18: =($C10*EXP(-$C11/($C$1*M$14)))*M$29 -> 6.5981197e-08 | N18: =($C10*EXP(-$C11/($C$1*N$14)))*N$29 -> 3.6765813e-07 | O18: =($C10*EXP(-$C11/($C$1*O$14)))*O$29 -> 1.5501155e-06 | P18: =($C10*EXP(-$C11/($C$1*P$14)))*P$29 -> 4.6615826e-06 | Q18: =($C10*EXP(-$C11/($C$1*Q$14)))*Q$29 -> 9.2385654e-06 | R18: =($C10*EXP(-$C11/($C$1*R$14)))*R$29 -> 1.205036e-05 | S18: =($C10*EXP(-$C11/($C$1*S$14)))*S$29 -> 1.2382929e-05 | ... W18: =($C10*EXP(-$C11/($C$1*W$14)))*W$29 -> 1.0988097e-05
B19: P_CO2 | C19: 0.5 | D19: bar | F19: K_CO2*P_CO2 | G19: =G6*C19 -> 0.43832433 | K19: K_H2O*P_H2O | L19: =($C8*EXP(-$C9/($C$1*L$14)))*L$30 -> 3.0654696e-07 | M19: =($C8*EXP(-$C9/($C$1*M$14)))*M$30 -> 9.8469778e-07 | N19: =($C8*EXP(-$C9/($C$1*N$14)))*N$30 -> 4.2601283e-06 | O19: =($C8*EXP(-$C9/($C$1*O$14)))*O$30 -> 1.3540194e-05 | P19: =($C8*EXP(-$C9/($C$1*P$14)))*P$30 -> 2.692367e-05 | Q19: =($C8*EXP(-$C9/($C$1*Q$14)))*Q$30 -> 2.6438011e-05 | R19: =($C8*EXP(-$C9/($C$1*R$14)))*R$30 -> 1.0838678e-05 | S19: =($C8*EXP(-$C9/($C$1*S$14)))*S$30 -> 3.5572088e-06 | ... W19: =($C8*EXP(-$C9/($C$1*W$14)))*W$30 -> 3.7332663e-07 | AF19: $7,21\cdot 10^{-5}$ | AG19: $9,93\cdot 10^{-5}$ | AH19: $1,31\cdot 10^{-4}$ | AI19: $1,57\cdot 10^{-4}$ | AJ19: $1,69\cdot 10^{-4}$ | AK19: $1,66\cdot 10^{-4}$ | AL19: $1,53\cdot 10^{-4}$ | AM19: $1,36
B20: P_H2 | C20: 0 | D20: bar | F20: sqrt(K_H2*P_H2) | G20: =SQRT(G8*C20) -> 0 | K20: Ω_total | L20: =1+SUM(L15:L19) -> 2.3300732 | M20: =1+SUM(M15:M19) -> 2.029367 | N20: =1+SUM(N15:N19) -> 1.8128879 | O20: =1+SUM(O15:O19) -> 1.6289853 | P20: =1+SUM(P15:P19) -> 1.4278121 | Q20: =1+SUM(Q15:Q19) -> 1.2084403 | R20: =1+SUM(R15:R19) -> 1.0662229 | S20: =1+SUM(S15:S19) -> 1.0266833 | ... W20: =1+SUM(W15:W19) -> 1.0104158
B21: P_CO | C21: 0 | D21: bar | F21: K_CO*P_CO | G21: =G10*C21 -> 0 | K21: (Ω_total)^2 | L21: =L20^2 -> 5.4292411 | M21: =M20^2 -> 4.1183302 | N21: =N20^2 -> 3.2865625 | O21: =O20^2 -> 2.6535931 | P21: =P20^2 -> 2.0386475 | Q21: =Q20^2 -> 1.460328 | R21: =R20^2 -> 1.1368314 | S21: =S20^2 -> 1.0540785 | ... W21: =W20^2 -> 1.0209402 | AF21: $0,658$ | AG21: $0,439$ | AH21: $0,276$ | AI21: $0,158$ | AJ21: $0,082$ | AK21: $0,040$ | AL21: $0,019$ | AM21: $9,27\cdot 10^{-3}$ | AN21: $4,92\cdot 10^{-3}$ | AO21: $2,83\cdot 10^{-3}$ | AP21: $1,95\cdot 10^{-3}$ | AQ21: $1,29\cdot 10^{-3}$
B22: P_H2O | C22: 0 | D22: bar | F22: K_H2O*P_H2O | G22: =G12*C22 -> 0 | L22: =1/L21 -> 0.18418781 | M22: =1/M21 -> 0.24281686 | N22: =1/N21 -> 0.30426928 | O22: =1/O21 -> 0.37684753 | P22: =1/P21 -> 0.49052128 | Q22: =1/Q21 -> 0.68477765 | R22: =1/R21 -> 0.87963794 | S22: =1/S21 -> 0.94869594 | ... W22: =1/W21 -> 0.97948931
B23: Outlet | F23: Ω_otherMid | G23: =1+SUM(#REF!) -> #REF! | K23: PARTIAL PRESSURES - DWSIM [bar] | AF23: $0,463$ | AG23: $0,300$ | AH23: $0,181$ | AI23: $9,70\cdot 10^{-2}$ | AJ23: $4,70\cdot 10^{-2}$ | AK23: $2,10\cdot 10^{-2}$ | AL23: $8,92\cdot 10^{-3}$ | AM23: $4,00\cdot 10^{-3}$ | AN23: $1,94\cdot 10^{-3}$ | AO23: $9,37\cdot 10^{-4}$ | AP23: $4,27\cdot 10^{-4}$ | AQ23: $1,89\cdot 10^{-4}$
B24: P_CH4 | C24: 0.2 | D24: bar | F24: K_CH4*P_CH4 | G24: =G4*C24 -> 0.23204346 | K24: Outlet
B25: P_CO2 | C25: 0.2 | D25: bar | F25: K_CO2*P_CO2 | G25: =G6*C25 -> 0.17532973 | K25: Temperature | L25: 723 | M25: 773 | N25: 823 | O25: 873 | P25: 923 | Q25: 973 | R25: 1023 | S25: 1073 | T25: 1123 | U25: 1173 | V25: 1223 | W25: 1273 | AF25: $7,21\cdot 10^{-5}$ | AG25: $9,93\cdot 10^{-5}$ | AH25: $1,31\cdot 10^{-4}$ | AI25: $1,57\cdot 10^{-4}$ | AJ25: $1,69\cdot 10^{-4}$ | AK25: $1,66\cdot 10^{-4}$ | AL25: $1,53\cdot 10^{-4}$ | AM25: $1,36
B26: P_H2 | C26: 0.4 | D26: bar | F26: sqrt(K_H2*P_H2) | G26: =SQRT(G8*C26) -> 0.02063837 | K26: P_CH4 | L26: =L33*L$38 -> 0.50646541 | M26: =M33*M$38 -> 0.50569725 | N26: =N33*N$38 -> 0.5008736 | O26: =O33*O$38 -> 0.47842488 | P26: =P33*P$38 -> 0.4009036 | Q26: =Q33*Q$38 -> 0.2370043 | R26: =R33*R$38 -> 0.080047739 | S26: =S33*S$38 -> 0.026166042 | ... W26: =W33*W$38 -> 0.0034331635
B27: P_CO | C27: 0.4 | D27: bar | F27: K_CO*P_CO | G27: =G10*C27 -> 1.4372677e-05 | K27: P_CO2 | L27: =L34*L$38 -> 0.50625833 | M27: =M34*M$38 -> 0.50477388 | N27: =N34*N$38 -> 0.49556248 | O27: =O34*O$38 -> 0.45672143 | P27: =P34*P$38 -> 0.34691576 | Q27: =Q34*Q$38 -> 0.17219452 | R27: =R34*R$38 -> 0.048198241 | S27: =S34*S$38 -> 0.013846249 | ... W27: =W34*W$38 -> 0.0012407248
B28: P_H2O | C28: 0.05 | D28: bar | F28: K_H2O*P_H2O | G28: =G12*C28 -> 0.0021776877 | K28: P_H2 | L28: =L35*L$38 -> 1.0307966e-06 | M28: =M35*M$38 -> 1.7847841e-05 | N28: =N35*N$38 -> 0.00044250855 | O28: =O35*O$38 -> 0.006496906 | P28: =P35*P$38 -> 0.051732967 | Q28: =Q35*Q$38 -> 0.20481041 | R28: =R35*R$38 -> 0.39472736 | S28: =S35*S$38 -> 0.46813881 | ... W28: =W35*W$38 -> 0.50099905
F29: Ω_outlet | G29: =1+SUM(G24:G28) -> 1.4302036 | K29: P_CO | L29: =L36*L$38 -> 0.00031677179 | M29: =M36*M$38 -> 0.0018362952 | N29: =N36*N$38 -> 0.011058943 | O29: =O36*O$38 -> 0.049947642 | P29: =P36*P$38 -> 0.15970862 | Q29: =Q36*Q$38 -> 0.33442998 | R29: =R36*R$38 -> 0.45842637 | S29: =S36*S$38 -> 0.49277839 | ... W29: =W36*W$38 -> 0.50538393
K30: P_H2O | L30: =L37*L$38 -> 0.0002084521 | M30: =M37*M$38 -> 0.00092472404 | N30: =N37*N$38 -> 0.0053124709 | O30: =O37*O$38 -> 0.021704774 | P30: =P37*P$38 -> 0.053989047 | Q30: =Q37*Q$38 -> 0.064810784 | R30: =R37*R$38 -> 0.031850287 | S30: =S37*S$38 -> 0.012320509 | ... W30: =W37*W$38 -> 0.0021931241
K31: PARTIAL PRESSURES - DWSIM [Pa]
K32: Temperature | L32: 723 | M32: 773 | N32: 823 | O32: 873 | P32: 923 | Q32: 973 | R32: 1023 | S32: 1073 | T32: 1123 | U32: 1173 | V32: 1223 | W32: 1273
K33: y_CH4 | L33: 0.4998425 | M33: 0.49908438 | N33: 0.49432381 | O33: 0.47216865 | P33: 0.39566109 | Q33: 0.23390506 | R33: 0.079000976 | S33: 0.025823876 | T33: 0.014477195 | U33: 0.0086072121 | V33: 0.0053055479 | W33: 0.0033882689
K34: y_CO2 | L34: 0.49963812 | M34: 0.49817309 | N34: 0.48908214 | O34: 0.45074901 | P34: 0.34237924 | Q34: 0.16994278 | R34: 0.047567965 | S34: 0.013665185 | T34: 0.0069289029 | U34: 0.0037392018 | V34: 0.0020987883 | W34: 0.0012245002
K35: y_H2 | L35: 1.0173171e-06 | M35: 1.761445e-05 | N35: 0.00043672198 | O35: 0.0064119477 | P35: 0.051056469 | Q35: 0.20213216 | R35: 0.38956562 | S35: 0.46201708 | T35: 0.47797417 | U35: 0.48652444 | V35: 0.49148735 | W35: 0.49444762
K36: y_CO | L36: 0.00031262945 | M36: 0.0018122825 | N36: 0.010914328 | O36: 0.04929449 | P36: 0.15762015 | Q36: 0.33005673 | R36: 0.45243165 | S36: 0.48633446 | T36: 0.49307075 | U36: 0.49626046 | V36: 0.49790087 | W36: 0.49877516
K37: y_H2O | L37: 0.00020572623 | M37: 0.00091263167 | N37: 0.0052430011 | O37: 0.021420946 | P37: 0.053283047 | Q37: 0.063963271 | R37: 0.031433789 | S37: 0.012159397 | T37: 0.0075489837 | U37: 0.0048686939 | V37: 0.0032074387 | W37: 0.0021644452
K38: Stream pressure | L38: 1.01325 | M38: 1.01325 | N38: 1.01325 | O38: 1.01325 | P38: 1.01325 | Q38: 1.01325 | R38: 1.01325 | S38: 1.01325 | T38: 1.01325 | U38: 1.01325 | V38: 1.01325 | W38: 1.01325
G40: K_2 = K_CO2 | H40: 0.0261 | K40: K_CO2*P_CO2 | L40: 0.46321883 | M40: 0.30041473 | N40: 0.18081757 | O40: 0.097268475 | P40: 0.04657577 | Q40: 0.020573156 | R40: 0.0089159601 | S40: 0.0040012034 | T40: 0.001944073 | U40: 0.00093694962 | V40: 0.00042742317 | W40: 0.00018877169
G41: dH_2=dH_CO2 | H41: -37641 | K41: Ω_total | L41: 2.1211388 | M41: 1.7391214 | N41: 1.4568419 | O41: 1.255559 | P41: 1.1287718 | Q41: 1.0603713 | R41: 1.0279123 | S41: 1.013408 | T41: 1.0069914 | U41: 1.0038763 | V41: 1.0024707 | W41: 1.0015669
G43: K_2 = K_CO2 | H43: 0.5771 | K43: K_CO2*P_CO2 | L43: 1.1164597 | M43: 0.835678 | N43: 0.57049805 | O43: 0.34309641 | P43: 0.18146278 | Q43: 0.087634219 | R43: 0.041162219 | S43: 0.019871067 | T43: 0.010318587 | U43: 0.0052849297 | V43: 0.002549391 | W43: 0.001185401
G44: dH_2=dH_CO2 | H44: -9262 | K44: Ω_total | L44: 2.7743796 | M44: 2.2743846 | N44: 1.8465223 | O44: 1.5013869 | P44: 1.2636588 | Q44: 1.1274324 | R44: 1.0601586 | S44: 1.0292779 | T44: 1.0153659 | U44: 1.0082243 | V44: 1.0045927 | W44: 1.0025635
K46: Differencia % | L46: =((L44-L41)/L41) -> 0.30796704 | M46: =((M44-M41)/M41) -> 0.30777799 | N46: =((N44-N41)/N41) -> 0.26748304 | O46: =((O44-O41)/O41) -> 0.19579163 | P46: =((P44-P41)/P41) -> 0.11949892 | Q46: =((Q44-Q41)/Q41) -> 0.063243 | R46: =((R44-R41)/R41) -> 0.031370631 | S46: =((S44-S41)/S41) -> 0.015659896 | ... W46: =((W44-W41)/W41) -> 0.00099507016
K48: K_5=1
K49: Theta_CH3/Theta_v | L49: =(L15*0.001)/(L17) -> 19.626152 | M49: =(M15*0.001)/(M17) -> 4.2559025 | N49: =(N15*0.001)/(N17) -> 0.77450984 | O49: =(O15*0.001)/(O17) -> 0.17844783 | P49: =(P15*0.001)/(P17) -> 0.049397445 | Q49: =(Q15*0.001)/(Q17) -> 0.013780366 | R49: =(R15*0.001)/(R17) -> 0.0031672954 | S49: =(S15*0.001)/(S17) -> 0.00090291663 | ... W49: =(W15*0.001)/(W17) -> 9.7028103e-05
K50: K_11=1
K51: Theta_HCOO/Theta_v | L51: =L16*L17*L20^2 -> 0.00011962282 | M51: =M16*M17*M20^2 -> 0.000251236 | N51: =N16*N17*N20^2 -> 0.00068701929 | O51: =O16*O17*O20^2 -> 0.0014301404 | P51: =P16*P17*P20^2 -> 0.0017789511 | Q51: =Q16*Q17*Q20^2 -> 0.00097848684 | R51: =R16*R17*R20^2 -> 0.00023586576 | S51: =S16*S17*S20^2 -> 5.5686811e-05 | ... W51: =W16*W17*W20^2 -> 2.5792202e-06
K53: Temperature | L53: 723 | M53: 773 | N53: 823 | O53: 873 | P53: 923 | Q53: 973 | R53: 1023 | S53: 1073 | T53: 1123 | U53: 1173 | V53: 1223 | W53: 1273
F54: H2 | G54: K_H2 | H54: ='Domain-Shift'!C15 -> 1.494 | I54: J/mol | K54: K_H2 | L54: =($H54*EXP(-$H55/($C$1*L$53))) -> 4.0705677 | M54: =($H54*EXP(-$H55/($C$1*M$53))) -> 3.8150319 | N54: =($H54*EXP(-$H55/($C$1*N$53))) -> 3.6038159 | O54: =($H54*EXP(-$H55/($C$1*O$53))) -> 3.4265764 | P54: =($H54*EXP(-$H55/($C$1*P$53))) -> 3.2759041 | Q54: =($H54*EXP(-$H55/($C$1*Q$53))) -> 3.1463646 | R54: =($H54*EXP(-$H55/($C$1*R$53))) -> 3.0338894 | S54: =($H54*EXP(-$H55/($C$1*S$53))) -> 2.9353765 | ... W54: =($H54*EXP(-$H55/($C$1*W$53))) -> 2.6398643
F55: Benguerba | G55: dH_H2 | H55: ='Domain-Shift'!C16 -> -6025 | I55: 1/bar | J55: K_H2_Benguerba | K55: sqrt(K_H2*P_H2) | L55: =SQRT(($H54*EXP(-$H55/($C$1*L$53)))*L$28) -> 0.0020483962 | M55: =SQRT(($H54*EXP(-$H55/($C$1*M$53)))*M$28) -> 0.0082516716 | N55: =SQRT(($H54*EXP(-$H55/($C$1*N$53)))*N$28) -> 0.039933937 | O55: =SQRT(($H54*EXP(-$H55/($C$1*O$53)))*O$28) -> 0.14920504 | P55: =SQRT(($H54*EXP(-$H55/($C$1*P$53)))*P$28) -> 0.41167006 | Q55: =SQRT(($H54*EXP(-$H55/($C$1*Q$53)))*Q$28) -> 0.80275042 | R55: =SQRT(($H54*EXP(-$H55/($C$1*R$53)))*R$28) -> 1.0943305 | S55: =SQRT(($H54*EXP(-$H55/($C$1*S$53)))*S$28) -> 1.1722473 | ... W55: =SQRT(($H54*EXP(-$H55/($C$1*W$53)))*W$28) -> 1.1500302

Sheet Carbón Bulk
B1: R= | C1: 8.314 | D1: J/mol K
B2: T= | C2: 723 | D2: K
A3: CARBON DISSOLUTION INTO DE BULK METAL PHASE
A4: Parameter | B4: Min | C4: Central | D4: Max | E4: Limite | F4: Units
A5: D_C | B5: 5e-10 | C5: 1e-09 | D5: 5e-08 | F5: m2/s | G5: Outlet
A6: s | B6: ='Surface Renewal'!B5 -> 30 | C6: 50 | D6: ='Surface Renewal'!C5 -> 80 | E6: 0.1 | G6: Temperature | H6: 723 | I6: 773 | J6: 823 | K6: 873 | L6: 923 | M6: 973 | N6: 1023 | O6: 1073 | P6: 1123 | Q6: 1173 | R6: 1223 | S6: 1273
A7: δ | B7: =SQRT(D5/D6) -> 2.5e-05 | C7: =SQRT(C5/C6) -> 4.472136e-06 | D7: =SQRT(B5/B6) -> 4.0824829e-06 | E7: =SQRT(C5/E6) -> 0.0001 | F7: m2/s | G7: P_CH4 | H7: ='Ads equilibria Ω'!L26 -> 0.50646541 | I7: ='Ads equilibria Ω'!M26 -> 0.50569725 | J7: ='Ads equilibria Ω'!N26 -> 0.5008736 | K7: ='Ads equilibria Ω'!O26 -> 0.47842488 | L7: ='Ads equilibria Ω'!P26 -> 0.4009036 | M7: ='Ads equilibria Ω'!Q26 -> 0.2370043 | N7: ='Ads equilibria Ω'!R26 -> 0.080047739 | O7: ='Ads equilibria Ω'!S26 -> 0.026166042 | ... S7: ='Ads equilibria Ω'!W26 -> 0.0034331635
B8: =SQRT(D5/B6) -> 4.0824829e-05 | C8: =SQRT(C5/D6) -> 3.5355339e-06 | D8: =SQRT(B5/D6) -> 2.5e-06 | E8: =SQRT(D5/E6) -> 0.00070710678 | G8: P_CO2 | H8: ='Ads equilibria Ω'!L27 -> 0.50625833 | I8: ='Ads equilibria Ω'!M27 -> 0.50477388 | J8: ='Ads equilibria Ω'!N27 -> 0.49556248 | K8: ='Ads equilibria Ω'!O27 -> 0.45672143 | L8: ='Ads equilibria Ω'!P27 -> 0.34691576 | M8: ='Ads equilibria Ω'!Q27 -> 0.17219452 | N8: ='Ads equilibria Ω'!R27 -> 0.048198241 | O8: ='Ads equilibria Ω'!S27 -> 0.013846249 | ... S8: ='Ads equilibria Ω'!W27 -> 0.0012407248
A9: a_s | B9: 200 | C9: 200 | D9: 200 | F9: m2/m3 | G9: P_H2 | H9: ='Ads equilibria Ω'!L28 -> 1.0307966e-06 | I9: ='Ads equilibria Ω'!M28 -> 1.7847841e-05 | J9: ='Ads equilibria Ω'!N28 -> 0.00044250855 | K9: ='Ads equilibria Ω'!O28 -> 0.006496906 | L9: ='Ads equilibria Ω'!P28 -> 0.051732967 | M9: ='Ads equilibria Ω'!Q28 -> 0.20481041 | N9: ='Ads equilibria Ω'!R28 -> 0.39472736 | O9: ='Ads equilibria Ω'!S28 -> 0.46813881 | ... S9: ='Ads equilibria Ω'!W28 -> 0.50099905
A10: Dens_cat | B10: ='Mass Transfer '!B10 -> 250 | C10: ='Mass Transfer '!C10 -> 6400 | D10: ='Mass Transfer '!C10 -> 6400 | F10: kg/m3 | G10: P_CO | H10: ='Ads equilibria Ω'!L29 -> 0.00031677179 | I10: ='Ads equilibria Ω'!M29 -> 0.0018362952 | J10: ='Ads equilibria Ω'!N29 -> 0.011058943 | K10: ='Ads equilibria Ω'!O29 -> 0.049947642 | L10: ='Ads equilibria Ω'!P29 -> 0.15970862 | M10: ='Ads equilibria Ω'!Q29 -> 0.33442998 | N10: ='Ads equilibria Ω'!R29 -> 0.45842637 | O10: ='Ads equilibria Ω'!S29 -> 0.49277839 | ... S10: ='Ads equilibria Ω'!W29 -> 0.50538393
A11: C_sat | B11: 5 | C11: 20 | D11: 50 | F11: mol/m3 | G11: P_H2O | H11: ='Ads equilibria Ω'!L30 -> 0.0002084521 | I11: ='Ads equilibria Ω'!M30 -> 0.00092472404 | J11: ='Ads equilibria Ω'!N30 -> 0.0053124709 | K11: ='Ads equilibria Ω'!O30 -> 0.021704774 | L11: ='Ads equilibria Ω'!P30 -> 0.053989047 | M11: ='Ads equilibria Ω'!Q30 -> 0.064810784 | N11: ='Ads equilibria Ω'!R30 -> 0.031850287 | O11: ='Ads equilibria Ω'!S30 -> 0.012320509 | ... S11: ='Ads equilibria Ω'!W30 -> 0.0021931241
G12: (Ω_total)^2 | H12: ='Ads equilibria Ω'!L21 -> 5.4292411 | I12: ='Ads equilibria Ω'!M21 -> 4.1183302 | J12: ='Ads equilibria Ω'!N21 -> 3.2865625 | K12: ='Ads equilibria Ω'!O21 -> 2.6535931 | L12: ='Ads equilibria Ω'!P21 -> 2.0386475 | M12: ='Ads equilibria Ω'!Q21 -> 1.460328 | N12: ='Ads equilibria Ω'!R21 -> 1.1368314 | O12: ='Ads equilibria Ω'!S21 -> 1.0540785 | ... S12: ='Ads equilibria Ω'!W21 -> 1.0209402
A13: k_diss
B14: =(B$5/B7)*B$11*(B$9/C$10) -> 3.125e-06 | C14: =(C$5/C7)*C$11*(C$9/C$10) -> 0.00013975425 | D14: =(D$5/D7)*D$11*(D$9/D$10) -> 0.019136639 | E14: =(B$5/E7)*B$11*(D$9/D$10) -> 7.8125e-07 | F14: =(B$5/E8)*B$11*(D$9/D$10) -> 1.1048543e-07
B15: =(B$5/B8)*B$11*(B$9/C$10) -> 1.9136639e-06 | C15: =(C$5/C8)*C$11*(C$9/C$10) -> 0.0001767767 | D15: =(D$5/D8)*D$11*(D$9/D$10) -> 0.03125 | E15: =(D$5/D8)*D$11*(D$9/D$10) -> 0.03125
A17: r_crack | G17: Temp. | H17: 723 | I17: 773 | J17: 823 | K17: 873 | L17: 923 | M17: 973 | N17: 1023 | O17: 1073 | P17: 1123 | Q17: 1173 | R17: 1223 | S17: 1273
B18: A_crack | C18: ='Domain-Shift'!L30 -> 6950 | D18: mol/m3·s | G18: k_crack | H18: =$C$18*EXP(-$C$19/(H17*$C$1)) -> 5.3700995e-08 | I18: =$C$18*EXP(-$C$19/(I17*$C$1)) -> 2.8102217e-07 | J18: =$C$18*EXP(-$C$19/(J17*$C$1)) -> 1.202721e-06 | K18: =$C$18*EXP(-$C$19/(K17*$C$1)) -> 4.3577379e-06 | L18: =$C$18*EXP(-$C$19/(L17*$C$1)) -> 1.3733572e-05 | M18: =$C$18*EXP(-$C$19/(M17*$C$1)) -> 3.8465407e-05 | N18: =$C$18*EXP(-$C$19/(N17*$C$1)) -> 9.7416851e-05 | O18: =$C$18*EXP(-$C$19/(O17*$C$1)) -> 0.0002262492 | ... S18: =$C$18*EXP(-$C$19/(S17*$C$1)) -> 0.0033956745
B19: Ea_crack | C19: ='Domain-Shift'!L31 -> 153800 | D19: J/mol | G19: K_eq,crack | H19: =($C$20*EXP(-$C$21/(H17*$C$1))) -> 0.23629382 | I19: =($C$20*EXP(-$C$21/(I17*$C$1))) -> 0.58623048 | J19: =($C$20*EXP(-$C$21/(J17*$C$1))) -> 1.3023747 | K19: =($C$20*EXP(-$C$21/(K17*$C$1))) -> 2.640545 | L19: =($C$20*EXP(-$C$21/(L17*$C$1))) -> 4.9590068 | M19: =($C$20*EXP(-$C$21/(M17*$C$1))) -> 8.7290345 | N19: =($C$20*EXP(-$C$21/(N17*$C$1))) -> 14.538938 | O19: =($C$20*EXP(-$C$21/(O17*$C$1))) -> 23.091381 | ... S19: =($C$20*EXP(-$C$21/(S17*$C$1))) -> 102.16193
B20: K_crack | C20: ='Domain-Shift'!L40 -> 298000 | G20: K1=K_CH4 | H20: ='Domain-Shift'!U11 -> 1.5087497 | I20: ='Domain-Shift'!V11 -> 1.1602173 | J20: ='Domain-Shift'!W11 -> 0.92113374 | K20: ='Domain-Shift'!X11 -> 0.75090607 | L20: ='Domain-Shift'!Y11 -> 0.62583885 | M20: ='Domain-Shift'!Z11 -> 0.53146088 | N20: ='Domain-Shift'!AA11 -> 0.45858473 | O20: ='Domain-Shift'!AB11 -> 0.40117817 | ... S20: ='Domain-Shift'!AF11 -> 0.26099632
B21: dH_crack | C21: ='Domain-Shift'!L41 -> 84440 | G21: r_crack | H21: =(H$18*H$20*H$7*(1-(H$9^2/(H$19*H$7))))/H$12 -> 7.5580577e-09 | I21: =(I$18*I$20*I$7*(1-(I$9^2/(I$19*I$7))))/I$12 -> 4.0035876e-08 | J21: =(J$18*J$20*J$7*(1-(J$9^2/(J$19*J$7))))/J$12 -> 1.6883936e-07 | K21: =(K$18*K$20*K$7*(1-(K$9^2/(K$19*K$7))))/K$12 -> 5.8994517e-07 | L21: =(L$18*L$20*L$7*(1-(L$9^2/(L$19*L$7))))/L$12 -> 1.6879471e-06 | M21: =(M$18*M$20*M$7*(1-(M$9^2/(M$19*M$7))))/M$12 -> 3.2505077e-06 | N21: =(N$18*N$20*N$7*(1-(N$9^2/(N$19*N$7))))/N$12 -> 2.7244901e-06 | O21: =(O$18*O$20*O$7*(1-(O$9^2/(O$19*O$7))))/O$12 -> 1.4359043e-06 | ... S21: =(S$18*S$20*S$7*(1-(S$9^2/(S$19*S$7))))/S$12 -> 8.4748909e-07
A22: r_Boud | G22: Temp. | H22: 723 | I22: 773 | J22: 823 | K22: 873 | L22: 923 | M22: 973 | N22: 1023 | O22: 1073 | P22: 1123 | Q22: 1173 | R22: 1223 | S22: 1273
B23: A_Boud | C23: ='Domain-Shift'!L32 -> 1.34e+15 | D23: mol/m3·s | G23: k_Boud | H23: =$C$23*EXP(-$C$24/(H22*$C$1)) -> 9.4622042e-18 | I23: =$C$23*EXP(-$C$24/(I22*$C$1)) -> 1.1366439e-15 | J23: =$C$23*EXP(-$C$24/(J22*$C$1)) -> 7.6307521e-14 | K23: =$C$23*EXP(-$C$24/(K22*$C$1)) -> 3.1640144e-12 | L23: =$C$23*EXP(-$C$24/(L22*$C$1)) -> 8.7628876e-11 | M23: =$C$23*EXP(-$C$24/(M22*$C$1)) -> 1.7250933e-09 | N23: =$C$23*EXP(-$C$24/(N22*$C$1)) -> 2.5378798e-08 | O23: =$C$23*EXP(-$C$24/(O22*$C$1)) -> 2.9060807e-07 | ... S23: =$C$23*EXP(-$C$24/(S22*$C$1)) -> 0.00073601947
B24: Ea_Boud | C24: ='Domain-Shift'!L33 -> 445000 | D24: J/mol | G24: K_eq,Boud | H24: =1/(($C$25*EXP(-$C$26/(H22*$C$1)))) -> 777.08113 | I24: =1/(($C$25*EXP(-$C$26/(I22*$C$1)))) -> 126.73133 | J24: =1/(($C$25*EXP(-$C$26/(J22*$C$1)))) -> 25.7631 | K24: =1/(($C$25*EXP(-$C$26/(K22*$C$1)))) -> 6.2858798 | L24: =1/(($C$25*EXP(-$C$26/(L22*$C$1)))) -> 1.786932 | M24: =1/(($C$25*EXP(-$C$26/(M22*$C$1)))) -> 0.5780849 | N24: =1/(($C$25*EXP(-$C$26/(N22*$C$1)))) -> 0.20882617 | O24: =1/(($C$25*EXP(-$C$26/(O22*$C$1)))) -> 0.08294504 | ... S24: =1/(($C$25*EXP(-$C$26/(S22*$C$1)))) -> 0.0042639489
B25: K_Boud | C25: ='Domain-Shift'!L42 -> 1930000000 | G25: K_-21=K_CO | H25: ='Domain-Shift'!U14 -> 3.9254772e-05 | I25: ='Domain-Shift'!V14 -> 3.5931693e-05 | J25: ='Domain-Shift'!W14 -> 3.3245323e-05 | K25: ='Domain-Shift'!X14 -> 3.1034809e-05 | L25: ='Domain-Shift'!Y14 -> 2.9188047e-05 | M25: ='Domain-Shift'!Z14 -> 2.7624812e-05 | N25: ='Domain-Shift'!AA14 -> 2.628636e-05 | O25: ='Domain-Shift'!AB14 -> 2.5128798e-05 | ... S25: ='Domain-Shift'!AF14 -> 2.1742078e-05
B26: dH_Boud | C26: ='Domain-Shift'!L43 -> 168527 | G26: r_Boud | H26: =(H$23*H$10*H$25*(1-(H$8/(H$24*H$10*H$10))))/H$12 -> -1.4068185e-22 | I26: =(I$23*I$10*I$25*(1-(I$8/(I$24*I$10*I$10))))/I$12 -> -2.1492331e-20 | J26: =(J$23*J$10*J$25*(1-(J$8/(J$24*J$10*J$10))))/J$12 -> -1.3340515e-18 | K26: =(K$23*K$10*K$25*(1-(K$8/(K$24*K$10*K$10))))/K$12 -> -5.1981614e-17 | L26: =(L$23*L$10*L$25*(1-(L$8/(L$24*L$10*L$10))))/L$12 -> -1.3247255e-15 | M26: =(M$23*M$10*M$25*(1-(M$8/(M$24*M$10*M$10))))/M$12 -> -1.8152348e-14 | N26: =(N$23*N$10*N$25*(1-(N$8/(N$24*N$10*N$10))))/N$12 -> -2.6434621e-14 | O26: =(O$23*O$10*O$25*(1-(O$8/(O$24*O$10*O$10))))/O$12 -> 1.067047e-12 | ... S26: =(S$23*S$10*S$25*(1-(S$8/(S$24*S$10*S$10))))/S$12 -> -1.1031123e-09
A27: r_gass, H2O | G27: Temp. | H27: 723 | I27: 773 | J27: 823 | K27: 873 | L27: 923 | M27: 973 | N27: 1023 | O27: 1073 | P27: 1123 | Q27: 1173 | R27: 1223 | S27: 1273
B28: A_gas | C28: ='Domain-Shift'!L34 -> 5550000000 | D28: mol/m3·s | G28: k_gas,H2O | H28: =$C$28*EXP(-$C$29/(H27*$C$1)) -> 0.0052742554 | I28: =$C$28*EXP(-$C$29/(I27*$C$1)) -> 0.031607442 | J28: =$C$28*EXP(-$C$29/(J27*$C$1)) -> 0.15238089 | K28: =$C$28*EXP(-$C$29/(K27*$C$1)) -> 0.61350703 | L28: =$C$28*EXP(-$C$29/(L27*$C$1)) -> 2.1240927 | M28: =$C$28*EXP(-$C$29/(M27*$C$1)) -> 6.4728469 | N28: =$C$28*EXP(-$C$29/(N27*$C$1)) -> 17.689396 | O28: =$C$28*EXP(-$C$29/(O27*$C$1)) -> 44.01892 | ... S28: =$C$28*EXP(-$C$29/(S27*$C$1)) -> 824.75796
B29: Ea_gas | C29: ='Domain-Shift'!L35 -> 166397 | D29: J/mol | G29: K_gas,H2O | H29: =$C$30*EXP(-$C$31/(H27*$C$1)) -> 0.011049328 | I29: =$C$30*EXP(-$C$31/(I27*$C$1)) -> 0.042833442 | J29: =$C$30*EXP(-$C$31/(J27*$C$1)) -> 0.14084123 | K29: =$C$30*EXP(-$C$31/(K27*$C$1)) -> 0.4040747 | L29: =$C$30*EXP(-$C$31/(L27*$C$1)) -> 1.0341934 | M29: =$C$30*EXP(-$C$31/(M27*$C$1)) -> 2.4032298 | N29: =$C$30*EXP(-$C$31/(N27*$C$1)) -> 5.142719 | O29: =$C$30*EXP(-$C$31/(O27*$C$1)) -> 10.251758 | ... S29: =$C$30*EXP(-$C$31/(S27*$C$1)) -> 94.160039
B30: K_gas | C30: ='Domain-Shift'!L44 -> 13827000 | G30: K-23=K_H2O | H30: ='Domain-Shift'!U15 -> 0.081878997 | I30: ='Domain-Shift'!V15 -> 0.043553754 | J30: ='Domain-Shift'!W15 -> 0.025014358 | K30: ='Domain-Shift'!X15 -> 0.015308771 | L30: ='Domain-Shift'!Y15 -> 0.00988087 | M30: ='Domain-Shift'!Z15 -> 0.0066710194 | N30: ='Domain-Shift'!AA15 -> 0.0046802166 | O30: ='Domain-Shift'!AB15 -> 0.0033937911 | ... S30: ='Domain-Shift'!AF15 -> 0.0012078386
B31: dH_gas | C31: ='Domain-Shift'!L45 -> 125916 | G31: r_gas,H2O | H31: =(H$28*H$30*H$11*(1-((H$10*H$9)/(H$29*H$11))))/H$12 -> 1.6578272e-08 | I31: =(I$28*I$30*I$11*(1-((I$10*I$9)/(I$29*I$11))))/I$12 -> 3.0884916e-07 | J31: =(J$28*J$30*J$11*(1-((J$10*J$9)/(J$29*J$11))))/J$12 -> 6.121033e-06 | K31: =(K$28*K$30*K$11*(1-((K$10*K$9)/(K$29*K$11))))/K$12 -> 7.3978747e-05 | L31: =(L$28*L$30*L$11*(1-((L$10*L$9)/(L$29*L$11))))/L$12 -> 0.00047357037 | M31: =(M$28*M$30*M$11*(1-((M$10*M$9)/(M$29*M$11))))/M$12 -> 0.0010736416 | N31: =(N$28*N$30*N$11*(1-((N$10*N$9)/(N$29*N$11))))/N$12 -> -0.00024294907 | O31: =(O$28*O$30*O$11*(1-((O$10*O$9)/(O$29*O$11))))/O$12 -> -0.0014430388 | ... S31: =(S$28*S$30*S$11*(1-((S$10*S$9)/(S$29*S$11))))/S$12 -> -0.00048385255
A32: r_accum,surf | G32: Temp.
G33: Max.
C34: 1e-06 | G34: Central
C35: =C34/D15 -> 3.2e-05 | G35: Min.
A40: θ_C^SS | G40: Temp. | H40: 723 | I40: 773 | J40: 823 | K40: 873 | L40: 923 | M40: 973 | N40: 1023 | O40: 1073 | P40: 1123 | Q40: 1173 | R40: 1223 | S40: 1273
A41: T=0 | B41: C_bulk =0 | C41: max k_diss | G41: θ_C^SS | H41: =(H$21+H$26)/($D$15*(1-$B$42/$C$11)) -> 2.4185785e-07 | I41: =(I$21+I$26)/($D$15*(1-$B$42/$C$11)) -> 1.281148e-06 | J41: =(J$21+J$26)/($D$15*(1-$B$42/$C$11)) -> 5.4028596e-06 | K41: =(K$21+K$26)/($D$15*(1-$B$42/$C$11)) -> 1.8878245e-05 | L41: =(L$21+L$26)/($D$15*(1-$B$42/$C$11)) -> 5.4014306e-05 | M41: =(M$21+M$26)/($D$15*(1-$B$42/$C$11)) -> 0.00010401624 | N41: =(N$21+N$26)/($D$15*(1-$B$42/$C$11)) -> 8.7183681e-05 | O41: =(O$21+O$26)/($D$15*(1-$B$42/$C$11)) -> 4.5948972e-05 | ... S41: =(S$21+S$26)/($D$15*(1-$B$42/$C$11)) -> 2.7084351e-05
B42: 0 | C42: media k_diss | G42: θ_C^SS | H42: =(H$21+H$26)/($C$14*(1-$B$42/$C$11)) -> 5.4081059e-05 | I42: =(I$21+I$26)/($C$14*(1-$B$42/$C$11)) -> 0.00028647341 | J42: =(J$21+J$26)/($C$14*(1-$B$42/$C$11)) -> 0.0012081161 | K42: =(K$21+K$26)/($C$14*(1-$B$42/$C$11)) -> 0.004221304 | L42: =(L$21+L$26)/($C$14*(1-$B$42/$C$11)) -> 0.012077966 | M42: =(M$21+M$26)/($C$14*(1-$B$42/$C$11)) -> 0.023258739 | N42: =(N$21+N$26)/($C$14*(1-$B$42/$C$11)) -> 0.019494864 | O42: =(O$21+O$26)/($C$14*(1-$B$42/$C$11)) -> 0.010274502 | ... S42: =(S$21+S$26)/($C$14*(1-$B$42/$C$11)) -> 0.0060562451
C43: min k_diss | G43: θ_C^SS | H43: =(H$21+H$26)/($F$14*(1-$B$42/$B$11)) -> 0.06840773 | I43: =(I$21+I$26)/($F$14*(1-$B$42/$B$11)) -> 0.36236338 | J43: =(J$21+J$26)/($F$14*(1-$B$42/$B$11)) -> 1.5281595 | K43: =(K$21+K$26)/($F$14*(1-$B$42/$B$11)) -> 5.3395741 | L43: =(L$21+L$26)/($F$14*(1-$B$42/$B$11)) -> 15.277553 | M43: =(M$21+M$26)/($F$14*(1-$B$42/$B$11)) -> 29.420237 | N43: =(N$21+N$26)/($F$14*(1-$B$42/$B$11)) -> 24.659269 | O43: =(O$21+O$26)/($F$14*(1-$B$42/$B$11)) -> 12.996332 | ... S43: =(S$21+S$26)/($F$14*(1-$B$42/$B$11)) -> 7.6606114
A44: final | B44: C_bulk \sim Csat | C44: max k_diss | G44: θ_C^SS | H44: =(H$21+H$26-H$31)/($D$15*(1-$B$45/$C$11)) -> -0.0057729368 | I44: =(I$21+I$26-I$31)/($D$15*(1-$B$45/$C$11)) -> -0.1720405 | J44: =(J$21+J$26-J$31)/($D$15*(1-$B$45/$C$11)) -> -3.8094039 | K44: =(K$21+K$26-K$31)/($D$15*(1-$B$45/$C$11)) -> -46.968833 | L44: =(L$21+L$26-L$31)/($D$15*(1-$B$45/$C$11)) -> -302.00475 | M44: =(M$21+M$26-M$31)/($D$15*(1-$B$45/$C$11)) -> -685.05032 | N44: =(N$21+N$26-N$31)/($D$15*(1-$B$45/$C$11)) -> 157.23108 | O44: =(O$21+O$26-O$31)/($D$15*(1-$B$45/$C$11)) -> 924.46384 | ... S44: =(S$21+S$26-S$31)/($D$15*(1-$B$45/$C$11)) -> 310.20732
B45: 19.999 | C45: media k_diss | G45: θ_C^SS | H45: =(H$21+H$26-H$31)/($B$14*(1-$B$45/$C$11)) -> -57.729368 | I45: =(I$21+I$26-I$31)/($B$14*(1-$B$45/$C$11)) -> -1720.405 | J45: =(J$21+J$26-J$31)/($B$14*(1-$B$45/$C$11)) -> -38094.039 | K45: =(K$21+K$26-K$31)/($B$14*(1-$B$45/$C$11)) -> -469688.33 | L45: =(L$21+L$26-L$31)/($B$14*(1-$B$45/$C$11)) -> -3020047.5 | M45: =(M$21+M$26-M$31)/($B$14*(1-$B$45/$C$11)) -> -6850503.2 | N45: =(N$21+N$26-N$31)/($B$14*(1-$B$45/$C$11)) -> 1572310.8 | O45: =(O$21+O$26-O$31)/($B$14*(1-$B$45/$C$11)) -> 9244638.4 | ... S45: =(S$21+S$26-S$31)/($B$14*(1-$B$45/$C$11)) -> 3102073.2
C46: min k_diss | G46: θ_C^SS | H46: =(H$21+H$26-H$31)/($C$14*(1-$B$45/$C$11)) -> -1.2908679 | I46: =(I$21+I$26-I$31)/($C$14*(1-$B$45/$C$11)) -> -38.469425 | J46: =(J$21+J$26-J$31)/($C$14*(1-$B$45/$C$11)) -> -851.80862 | K46: =(K$21+K$26-K$31)/($C$14*(1-$B$45/$C$11)) -> -10502.55 | L46: =(L$21+L$26-L$31)/($C$14*(1-$B$45/$C$11)) -> -67530.315 | M46: =(M$21+M$26-M$31)/($C$14*(1-$B$45/$C$11)) -> -153181.91 | N46: =(N$21+N$26-N$31)/($C$14*(1-$B$45/$C$11)) -> 35157.939 | O46: =(O$21+O$26-O$31)/($C$14*(1-$B$45/$C$11)) -> 206716.4 | ... S46: =(S$21+S$26-S$31)/($C$14*(1-$B$45/$C$11)) -> 69364.465
A47: t_sat | G47: Temp. | H47: 723 | I47: 773 | J47: 823 | K47: 873 | L47: 923 | M47: 973 | N47: 1023 | O47: 1073 | P47: 1123 | Q47: 1173 | R47: 1223 | S47: 1273
A48: C_sat (mol/m3) | B48: t_sat (h)
A49: =B11 -> 5 | B49: 10 | H49: =$A$49/((H$21+H26)*$C$10) -> 103366.5 | I49: =$A$49/((I$21+I26)*$C$10) -> 19513.748 | J49: =$A$49/((J$21+J26)*$C$10) -> 4627.1793 | K49: =$A$49/((K$21+K26)*$C$10) -> 1324.2756 | L49: =$A$49/((L$21+L26)*$C$10) -> 462.84034 | M49: =$A$49/((M$21+M26)*$C$10) -> 240.34707 | N49: =$A$49/((N$21+N26)*$C$10) -> 286.75091 | O49: =$A$49/((O$21+O26)*$C$10) -> 544.08181 | ... S49: =$A$49/((S$21+S26)*$C$10) -> 923.04222 | T49: s
A50: =C11 -> 20 | B50: 42 | H50: =$A$50/((H$21+H26)*$C$10) -> 413466.01 | I50: =$A$50/((I$21+I26)*$C$10) -> 78054.993 | J50: =$A$50/((J$21+J26)*$C$10) -> 18508.717 | K50: =$A$50/((K$21+K26)*$C$10) -> 5297.1025 | L50: =$A$50/((L$21+L26)*$C$10) -> 1851.3614 | M50: =$A$50/((M$21+M26)*$C$10) -> 961.38829 | N50: =$A$50/((N$21+N26)*$C$10) -> 1147.0036 | O50: =$A$50/((O$21+O26)*$C$10) -> 2176.3273 | ... S50: =$A$50/((S$21+S26)*$C$10) -> 3692.1689 | T50: s
A51: =D11 -> 50 | B51: 104 | H51: =$A$51/((H$21+H26)*$C$10) -> 1033665 | I51: =$A$51/((I$21+I26)*$C$10) -> 195137.48 | J51: =$A$51/((J$21+J26)*$C$10) -> 46271.793 | K51: =$A$51/((K$21+K26)*$C$10) -> 13242.756 | L51: =$A$51/((L$21+L26)*$C$10) -> 4628.4034 | M51: =$A$51/((M$21+M26)*$C$10) -> 2403.4707 | N51: =$A$51/((N$21+N26)*$C$10) -> 2867.5091 | O51: =$A$51/((O$21+O26)*$C$10) -> 5440.8181 | ... S51: =$A$51/((S$21+S26)*$C$10) -> 9230.4222 | T51: s
H53: =H49/3600 -> 28.712918 | I53: =I49/3600 -> 5.4204856 | J53: =J49/3600 -> 1.2853276 | K53: =K49/3600 -> 0.36785434 | L53: =L49/3600 -> 0.12856676 | M53: =M49/3600 -> 0.066763076 | N53: =N49/3600 -> 0.079653031 | O53: =O49/3600 -> 0.15113384 | ... S53: =S49/3600 -> 0.25640062 | T53: h
H54: =H50/3600 -> 114.85167 | I54: =I50/3600 -> 21.681942 | J54: =J50/3600 -> 5.1413103 | K54: =K50/3600 -> 1.4714174 | L54: =L50/3600 -> 0.51426705 | M54: =M50/3600 -> 0.2670523 | N54: =N50/3600 -> 0.31861212 | O54: =O50/3600 -> 0.60453535 | ... S54: =S50/3600 -> 1.0256025 | T54: h
H55: =H51/3600 -> 287.12918 | I55: =I51/3600 -> 54.204856 | J55: =J51/3600 -> 12.853276 | K55: =K51/3600 -> 3.6785434 | L55: =L51/3600 -> 1.2856676 | M55: =M51/3600 -> 0.66763076 | N55: =N51/3600 -> 0.79653031 | O55: =O51/3600 -> 1.5113384 | ... S55: =S51/3600 -> 2.5640062 | T55: h
A58: Versión simplificada (menor rango) | G58: Temp. | H58: 723 | I58: 773 | J58: 823 | K58: 873 | L58: 923 | M58: 973 | N58: 1023 | O58: 1073 | P58: 1123 | Q58: 1173 | R58: 1223 | S58: 1273
A60: D_C | B60: 5e-08 | C60: 1e-09 | D60: 5e-10 | F60: r_Boud | G60: K_eq,Boud^(+1) | H60: -8.4964536e-17 | I60: -3.454771e-16 | J60: -8.9111708e-16 | K60: -2.1250939e-15 | L60: -4.669458e-15 | M60: 1.2002566e-15 | N60: 2.5613006e-13 | O60: 3.3978108e-12 | P60: 3.109486e-11 | Q60: 2.3193839e-10 | R60: 1.4590436e-09 | S60: 7.9214101e-09
A61: s | B61: 0.1 | C61: 50 | D61: 80 | F61: r_Boud | G61: K_eq,Boud^(-1) | H61: -1.4068185e-22 | I61: -2.1492331e-20 | J61: -1.3340515e-18 | K61: -5.1981614e-17 | L61: -1.3247255e-15 | M61: -1.8152348e-14 | N61: -2.6434621e-14 | O61: 1.067047e-12 | P61: 6.6495355e-12 | Q61: 2.2215119e-11 | R61: -3.20387e-11 | S61: -1.1031123e-09
A62: δ | B62: =SQRT(B60/B61) -> 0.00070710678 | C62: =SQRT(C60/C61) -> 4.472136e-06 | D62: =SQRT(D60/D61) -> 2.5e-06
A63: C_sat | B63: 5 | C63: 20 | D63: 50 | F63: θ_C^SS | H63: =(H21+H60)/($B$68) -> 0.00068407729 | I63: =(I21+I60)/($B$68) -> 0.0036236338 | J63: =(J21+J60)/($B$68) -> 0.015281595 | K63: =(K21+K60)/($B$68) -> 0.053395741 | L63: =(L21+L60)/($B$68) -> 0.15277553 | M63: =(M21+M60)/($B$68) -> 0.29420237 | N63: =(N21+N60)/($B$68) -> 0.24659271 | O63: =(O21+O60)/($B$68) -> 0.12996353 | ... S63: =(S21+S60)/($B$68) -> 0.077422921
F64: θ_C^SS | H64: =(H21+H61)/($B$68) -> 0.0006840773 | I64: =(I21+I61)/($B$68) -> 0.0036236338 | J64: =(J21+J61)/($B$68) -> 0.015281595 | K64: =(K21+K61)/($B$68) -> 0.053395741 | L64: =(L21+L61)/($B$68) -> 0.15277553 | M64: =(M21+M61)/($B$68) -> 0.29420237 | N64: =(N21+N61)/($B$68) -> 0.24659269 | O64: =(O21+O61)/($B$68) -> 0.12996332 | ... S64: =(S21+S61)/($B$68) -> 0.076606114
A65: a_s | B65: 200 | C65: 200 | D65: 200
A66: Dens_cat | B66: 6400 | C66: 6400 | D66: 6400
A68: k_diss | B68: =(B60/B62)*$B$63*(B65/B66) -> 1.1048543e-05 | C68: =(C60/C62)*$B$63*(C65/C66) -> 3.4938562e-05 | D68: =(D60/D62)*$B$63*(D65/D66) -> 3.125e-05 | F68: θ_C^SS | H68: =(H21+H60)/($B$68) -> 0.00068407729 | I68: =(I21+I60)/($B$68) -> 0.0036236338 | J68: =(J21+J60)/($B$68) -> 0.015281595 | K68: =(K21+K60)/($B$68) -> 0.053395741 | L68: =(L21+L60)/($B$68) -> 0.15277553 | M68: =(M21+M60)/($B$68) -> 0.29420237 | N68: =(N21+N60)/($B$68) -> 0.24659271 | O68: =(O21+O60)/($B$68) -> 0.12996353 | ... S68: =(S21+S60)/($B$68) -> 0.077422921
B69: =(B60/B62)*$C$63*(B65/B66) -> 4.4194174e-05 | C69: =(C60/C62)*$C$63*(C65/C66) -> 0.00013975425 | D69: =(D60/D62)*$C$63*(D65/D66) -> 0.000125 | F69: θ_C^SS | H69: =(H21+H26)/($C$69) -> 5.4081059e-05 | I69: =(I21+I26)/($C$69) -> 0.00028647341 | J69: =(J21+J26)/($C$69) -> 0.0012081161 | K69: =(K21+K26)/($C$69) -> 0.004221304 | L69: =(L21+L26)/($C$69) -> 0.012077966 | M69: =(M21+M26)/($C$69) -> 0.023258739 | N69: =(N21+N26)/($C$69) -> 0.019494864 | O69: =(O21+O26)/($C$69) -> 0.010274502 | ... S69: =(S21+S26)/($C$69) -> 0.0060562451
B70: =(B60/B62)*$D$63*(B65/B66) -> 0.00011048543 | C70: =(C60/C62)*$D$63*(C65/C66) -> 0.00034938562 | D70: =(D60/D62)*$D$63*(D65/D66) -> 0.0003125 | F70: θ_C^SS | H70: =(H21+H26)/($D$70) -> 2.4185785e-05 | I70: =(I21+I26)/($D$70) -> 0.0001281148 | J70: =(J21+J26)/($D$70) -> 0.00054028596 | K70: =(K21+K26)/($D$70) -> 0.0018878245 | L70: =(L21+L26)/($D$70) -> 0.0054014306 | M70: =(M21+M26)/($D$70) -> 0.010401624 | N70: =(N21+N26)/($D$70) -> 0.0087183681 | O70: =(O21+O26)/($D$70) -> 0.0045948972 | ... S70: =(S21+S26)/($D$70) -> 0.0027084351
A72: k_diss | B72: 1e-07 | C72: 0.0001 | D72: 0.03 | F72: θ_C^SS | H72: =(H21+H26)/($B$72) -> 0.075580577 | I72: =(I21+I26)/($B$72) -> 0.40035876 | J72: =(J21+J26)/($B$72) -> 1.6883936 | K72: =(K21+K26)/($B$72) -> 5.8994517 | L72: =(L21+L26)/($B$72) -> 16.879471 | M72: =(M21+M26)/($B$72) -> 32.505076 | N72: =(N21+N26)/($B$72) -> 27.2449 | O72: =(O21+O26)/($B$72) -> 14.359054 | ... S72: =(S21+S26)/($B$72) -> 8.4638598
F73: θ_C^SS | H73: =(H21+H26)/($C$72) -> 7.5580577e-05 | I73: =(I21+I26)/($C$72) -> 0.00040035876 | J73: =(J21+J26)/($C$72) -> 0.0016883936 | K73: =(K21+K26)/($C$72) -> 0.0058994517 | L73: =(L21+L26)/($C$72) -> 0.016879471 | M73: =(M21+M26)/($C$72) -> 0.032505076 | N73: =(N21+N26)/($C$72) -> 0.0272449 | O73: =(O21+O26)/($C$72) -> 0.014359054 | ... S73: =(S21+S26)/($C$72) -> 0.0084638598
F74: θ_C^SS | H74: =(H21+H26)/($D$72) -> 2.5193526e-07 | I74: =(I21+I26)/($D$72) -> 1.3345292e-06 | J74: =(J21+J26)/($D$72) -> 5.6279788e-06 | K74: =(K21+K26)/($D$72) -> 1.9664839e-05 | L74: =(L21+L26)/($D$72) -> 5.6264902e-05 | M74: =(M21+M26)/($D$72) -> 0.00010835025 | N74: =(N21+N26)/($D$72) -> 9.0816334e-05 | O74: =(O21+O26)/($D$72) -> 4.7863512e-05 | ... S74: =(S21+S26)/($D$72) -> 2.8212866e-05

Sheet Thermo
A1: JANAF/NIST | B1: H (298K) | C1: S (298K) | D1: Cp (298K) | F1: Species | G1: Range (K) | H1: A | I1: B | J1: C | K1: D | L1: E | M1: F | N1: G | O1: H_ref (kJ/mol) | P1: S°₂₉₈ (J/mol/K) | R1: ChatGPT
A2: CH4 | B2: -74.873 | C2: 186.251 | D2: 35.639 | F2: CH₄ | G2: 298–1300 | H2: -0.703029 | I2: 108.4773 | J2: -42.52157 | K2: 5.862788 | L2: 0.678565 | M2: -76.84376 | N2: 158.7163 | O2: -74.8731 | P2: 186.251 | R2: Species | S2: Range (K) | T2: A | U2: B | V2: C | W2: D | X2: E | Y2: F | Z2: G | AA2: H_ref (kJ/mol)
A3: CO2 | B3: -393.522 | C3: 213.795 | D3: 37.129 | F3: CO₂ | G3: 298–1200 | H3: 24.99735 | I3: 55.18696 | J3: -33.69137 | K3: 7.948387 | L3: -0.136638 | M3: -403.6075 | N3: 228.2431 | O3: -393.5224 | P3: 213.785 | R3: C (gr,) | S3: 298-1100 | T3: 0.11 | U3: 38.94 | V3: -17.38 | W3: 0 | X3: -0.148 | Y3: -2.106 | Z3: -5.796 | AA3: 0
A4: H2 | B4: 0 | C4: 130.68 | D4: 28.836 | F4: CO₂ | G4: 1200–6000 | H4: 58.16639 | I4: 2.720074 | J4: -0.492289 | K4: 0.038844 | L4: -6.447293 | M4: -425.9186 | N4: 263.6125 | O4: -393.5224 | P4: — | R4: C (gr,) | S4: 1100-4000 | T4: 24.43 | U4: 0.44 | V4: 0 | W4: 0 | X4: -0.3163 | Y4: -11.331 | Z4: 29.447 | AA4: 0
A5: CO | B5: -110.527 | C5: 197.653 | D5: 29.142 | F5: CO | G5: 298–1300 | H5: 25.56759 | I5: 6.09613 | J5: 4.054656 | K5: -2.671301 | L5: 0.131021 | M5: -118.0089 | N5: 227.3665 | O5: -110.5271 | P5: 197.66 | R5: CLAUDE
A6: H2O | B6: -241.826 | C6: 188.834 | D6: 33.59 | F6: H₂ | G6: 298–1000 | H6: 33.066178 | I6: -11.363417 | J6: 11.432816 | K6: -2.772874 | L6: -0.158558 | M6: -9.980797 | N6: 172.70797 | O6: 0 | P6: 130.68 | R6: Species | S6: Range (K) | T6: A | U6: B | V6: C | W6: D | X6: E | Y6: F | Z6: G | AA6: H_ref (kJ/mol)
A7: C | B7: 0 | C7: 5.74 | D7: 8.52 | F7: H₂ | G7: 1000–2500 | H7: 18.563083 | I7: 12.257357 | J7: -2.859786 | K7: 0.268238 | L7: 1.97799 | M7: -1.147438 | N7: 156.28813 | O7: 0 | P7: — | R7: C (gr,) | S7: 298-1200 | T7: 0.49042 | U7: 10.36199 | V7: -4.170727 | W7: 0.66675 | X7: 0.60061 | Y7: -0.028056 | Z7: 2.85935 | AA7: 0
F8: H₂O | G8: 500–1700 | H8: 30.092 | I8: 6.832514 | J8: 6.793435 | K8: -2.53448 | L8: 0.082139 | M8: -250.881 | N8: 223.3967 | O8: -241.8264 | P8: 188.835 | R8: C (gr,) | S8: 1200-6000 | T8: 17.8539 | U8: 1.497698 | V8: -0.182476 | W8: 0.008501 | X8: -1.297698 | Y8: -8.66374 | Z8: 26.72484 | AA8: 0
A9: R= | B9: 8.314 | C9: J/mol K | F9: C (gr,) | G9: 298–1200
A10: K4 = K_DRM | B10: ='Domain-Shift'!L22 -> 678000000000000
A11: dH_4 = dH_DRM | B11: ='Domain-Shift'!L23 -> 259660 | G11: T | H11: 700 | I11: 800 | J11: 900 | K11: 1000 | L11: 1073 | M11: 1100 | N11: 1200 | O11: 1273 | P11: 1300
A12: K_11 = K_RWGS | B12: ='Domain-Shift'!L24 -> 56.4971 | G12: t | H12: =H11/1000 -> 0.7 | I12: =I11/1000 -> 0.8 | J12: =J11/1000 -> 0.9 | K12: =K11/1000 -> 1 | L12: =L11/1000 -> 1.073 | M12: =M11/1000 -> 1.1 | N12: =N11/1000 -> 1.2 | O12: =O11/1000 -> 1.273 | P12: =P11/1000 -> 1.3
A13: dH_11 = dH_RWGS | B13: ='Domain-Shift'!L25 -> 36580 | F13: CH4 | G13: H (K)-H(298) | H13: =($H$2*H$12)+(($I$2*H$12^2)/2)+(($J$2*H$12^3)/3)+(($K$2*H$12^4)/4)-($L$2/H$12)+$M$2-$O$2 -> 18.635061 | I13: =($H$2*I$12)+(($I$2*I$12^2)/2)+(($J$2*I$12^3)/3)+(($K$2*I$12^4)/4)-($L$2/I$12)+$M$2-$O$2 -> 24.674781 | J13: =($H$2*J$12)+(($I$2*J$12^2)/2)+(($J$2*J$12^3)/3)+(($K$2*J$12^4)/4)-($L$2/J$12)+$M$2-$O$2 -> 31.204862 | K13: =($H$2*K$12)+(($I$2*K$12^2)/2)+(($J$2*K$12^3)/3)+(($K$2*K$12^4)/4)-($L$2/K$12)+$M$2-$O$2 -> 38.178236 | L13: =($H$2*L$12)+(($I$2*L$12^2)/2)+(($J$2*L$12^3)/3)+(($K$2*L$12^4)/4)-($L$2/L$12)+$M$2-$O$2 -> 43.521945 | M13: =($H$2*M$12)+(($I$2*M$12^2)/2)+(($J$2*M$12^3)/3)+(($K$2*M$12^4)/4)-($L$2/M$12)+$M$2-$O$2 -> 45.548421 | N13: =($H$2*N$12)+(($I$2*N$12^2)/2)+(($J$2*N$12^3)/3)+(($K$2*N$12^4)/4)-($L$2/N$12)+$M$2-$O$2 -> 53.270735 | O13: =($H$2*O$12)+(($I$2*O$12^2)/2)+(($J$2*O$12^3)/3)+(($K$2*O$12^4)/4)-($L$2/O$12)+$M$2-$O$2 -> 59.106011 | P13: =($H$2*P$12)+(($I$2*P$12^2)/2)+(($J$2*P$12^3)/3)+(($K$2*P$12^4)/4)-($L$2/P$12)+$M$2-$O$2 -> 61.302962
A14: K_crack | B14: 298000 | G14: S (K) | H14: =($H$2*LN(H$12))+($I$2*H$12)+(($J$2*H$12^2)/2)+(($K$2*H$12^3)/3)-($L$2/(2*H$12^2))+$N$2 -> 224.46128 | I14: =($H$2*LN(I$12))+($I$2*I$12)+(($J$2*I$12^2)/2)+(($K$2*I$12^3)/3)-($L$2/(2*I$12^2))+$N$2 -> 232.51857 | J14: =($H$2*LN(J$12))+($I$2*J$12)+(($J$2*J$12^2)/2)+(($K$2*J$12^3)/3)-($L$2/(2*J$12^2))+$N$2 -> 240.2045 | K14: =($H$2*LN(K$12))+($I$2*K$12)+(($J$2*K$12^2)/2)+(($K$2*K$12^3)/3)-($L$2/(2*K$12^2))+$N$2 -> 247.5478 | L14: =($H$2*LN(L$12))+($I$2*L$12)+(($J$2*L$12^2)/2)+(($K$2*L$12^3)/3)-($L$2/(2*L$12^2))+$N$2 -> 252.70431 | M14: =($H$2*LN(M$12))+($I$2*M$12)+(($J$2*M$12^2)/2)+(($K$2*M$12^3)/3)-($L$2/(2*M$12^2))+$N$2 -> 254.5695 | N14: =($H$2*LN(N$12))+($I$2*N$12)+(($J$2*N$12^2)/2)+(($K$2*N$12^3)/3)-($L$2/(2*N$12^2))+$N$2 -> 261.28671 | O14: =($H$2*LN(O$12))+($I$2*O$12)+(($J$2*O$12^2)/2)+(($K$2*O$12^3)/3)-($L$2/(2*O$12^2))+$N$2 -> 266.00664 | P14: =($H$2*LN(P$12))+($I$2*P$12)+(($J$2*P$12^2)/2)+(($K$2*P$12^3)/3)-($L$2/(2*P$12^2))+$N$2 -> 267.71437
A15: dH_crack | B15: 84440 | G15: Cp (K) | H15: =$H$2+($I$2*H$12)+($J$2*H$12^2)+($K$2*H$12^3)+($L$2/(H$12^2)) -> 57.791275 | I15: =$H$2+($I$2*I$12)+($J$2*I$12^2)+($K$2*I$12^3)+($L$2/(I$12^2)) -> 62.927011 | J15: =$H$2+($I$2*J$12)+($J$2*J$12^2)+($K$2*J$12^3)+($L$2/(J$12^2)) -> 67.595776 | K15: =$H$2+($I$2*K$12)+($J$2*K$12^2)+($K$2*K$12^3)+($L$2/(K$12^2)) -> 71.794054 | L15: =$H$2+($I$2*L$12)+($J$2*L$12^2)+($K$2*L$12^3)+($L$2/(L$12^2)) -> 74.56892 | M15: =$H$2+($I$2*M$12)+($J$2*M$12^2)+($K$2*M$12^3)+($L$2/(M$12^2)) -> 75.53507 | N15: =$H$2+($I$2*N$12)+($J$2*N$12^2)+($K$2*N$12^3)+($L$2/(N$12^2)) -> 78.840794 | O15: =$H$2+($I$2*O$12)+($J$2*O$12^2)+($K$2*O$12^3)+($L$2/(O$12^2)) -> 80.994408 | P15: =$H$2+($I$2*P$12)+($J$2*P$12^2)+($K$2*P$12^3)+($L$2/(P$12^2)) -> 81.738071
A16: K_Boud | B16: 1930000000
A17: dH_Boud | B17: 168527 | F17: CO2 | G17: H (K)-H(298) | H17: =($H$3*H$12)+(($I$3*H$12^2)/2)+(($J$3*H$12^3)/3)+(($K$3*H$12^4)/4)-($L$3/H$12)+$M$3-$O$3 -> 17.754103 | I17: =($H$3*I$12)+(($I$3*I$12^2)/2)+(($J$3*I$12^3)/3)+(($K$3*I$12^4)/4)-($L$3/I$12)+$M$3-$O$3 -> 22.807326 | J17: =($H$3*J$12)+(($I$3*J$12^2)/2)+(($J$3*J$12^3)/3)+(($K$3*J$12^4)/4)-($L$3/J$12)+$M$3-$O$3 -> 28.031785 | K17: =($H$3*K$12)+(($I$3*K$12^2)/2)+(($J$3*K$12^3)/3)+(($K$3*K$12^4)/4)-($L$3/K$12)+$M$3-$O$3 -> 33.399008 | L17: =($H$3*L$12)+(($I$3*L$12^2)/2)+(($J$3*L$12^3)/3)+(($K$3*L$12^4)/4)-($L$3/L$12)+$M$3-$O$3 -> 37.393748 | M17: =($H$3*M$12)+(($I$3*M$12^2)/2)+(($J$3*M$12^3)/3)+(($K$3*M$12^4)/4)-($L$3/M$12)+$M$3-$O$3 -> 38.885883 | N17: =($H$3*N$12)+(($I$3*N$12^2)/2)+(($J$3*N$12^3)/3)+(($K$3*N$12^4)/4)-($L$3/N$12)+$M$3-$O$3 -> 44.474411 | O17: =($H$4*O$12)+(($I$4*O$12^2)/2)+(($J$4*O$12^3)/3)+(($K$4*O$12^4)/4)-($L$4/O$12)+$M$4-$O$4 -> 48.605221 | P17: =($H$4*P$12)+(($I$4*P$12^2)/2)+(($J$4*P$12^3)/3)+(($K$4*P$12^4)/4)-($L$4/P$12)+$M$4-$O$4 -> 50.145242
G18: S (K) | H18: =($H$3*LN(H$12))+($I$3*H$12)+(($J$3*H$12^2)/2)+(($K$3*H$12^3)/3)-($L$3/(2*H$12^2))+$N$3 -> 250.75185 | I18: =($H$3*LN(I$12))+($I$3*I$12)+(($J$3*I$12^2)/2)+(($K$3*I$12^3)/3)-($L$3/(2*I$12^2))+$N$3 -> 257.49671 | J18: =($H$3*LN(J$12))+($I$3*J$12)+(($J$3*J$12^2)/2)+(($K$3*J$12^3)/3)-($L$3/(2*J$12^2))+$N$3 -> 263.64843 | K18: =($H$3*LN(K$12))+($I$3*K$12)+(($J$3*K$12^2)/2)+(($K$3*K$12^3)/3)-($L$3/(2*K$12^2))+$N$3 -> 269.30216 | L18: =($H$3*LN(L$12))+($I$3*L$12)+(($J$3*L$12^2)/2)+(($K$3*L$12^3)/3)-($L$3/(2*L$12^2))+$N$3 -> 273.15748 | M18: =($H$3*LN(M$12))+($I$3*M$12)+(($J$3*M$12^2)/2)+(($K$3*M$12^3)/3)-($L$3/(2*M$12^2))+$N$3 -> 274.53088 | N18: =($H$3*LN(N$12))+($I$3*N$12)+(($J$3*N$12^2)/2)+(($K$3*N$12^3)/3)-($L$3/(2*N$12^2))+$N$3 -> 279.39294 | O18: =($H$4*LN(O$12))+($I$4*O$12)+(($J$4*O$12^2)/2)+(($K$4*O$12^3)/3)-($L$4/(2*O$12^2))+$N$4 -> 282.73223 | P18: =($H$4*LN(P$12))+($I$4*P$12)+(($J$4*P$12^2)/2)+(($K$4*P$12^3)/3)-($L$4/(2*P$12^2))+$N$4 -> 283.92932
G19: Cp (K) | H19: =$H$3+($I$3*H$12)+($J$3*H$12^2)+($K$3*H$12^3)+($L$3/(H$12^2)) -> 49.566894 | I19: =$H$3+($I$3*I$12)+($J$3*I$12^2)+($K$3*I$12^3)+($L$3/(I$12^2)) -> 51.440518 | J19: =$H$3+($I$3*J$12)+($J$3*J$12^2)+($K$3*J$12^3)+($L$3/(J$12^2)) -> 53.00129 | K19: =$H$3+($I$3*K$12)+($J$3*K$12^2)+($K$3*K$12^3)+($L$3/(K$12^2)) -> 54.304689 | L19: =$H$3+($I$3*L$12)+($J$3*L$12^2)+($K$3*L$12^3)+($L$3/(L$12^2)) -> 55.123675 | M19: =$H$3+($I$3*M$12)+($J$3*M$12^2)+($K$3*M$12^3)+($L$3/(M$12^2)) -> 55.402827 | N19: =$H$3+($I$3*N$12)+($J$3*N$12^2)+($K$3*N$12^3)+($L$3/(N$12^2)) -> 56.346054 | O19: =$H$4+($I$4*O$12)+($J$4*O$12^2)+($K$4*O$12^3)+($L$4/(O$12^2)) -> 56.932897 | P19: =$H$4+($I$4*P$12)+($J$4*P$12^2)+($K$4*P$12^3)+($L$4/(P$12^2)) -> 57.140892
F21: H2 | G21: H (K)-H(298) | H21: =($H$6*H$12)+(($I$6*H$12^2)/2)+(($J$6*H$12^3)/3)+(($K$6*H$12^4)/4)-($L$6/H$12)+$M$6-$O$6 -> 11.748712 | I21: =($H$6*I$12)+(($I$6*I$12^2)/2)+(($J$6*I$12^3)/3)+(($K$6*I$12^4)/4)-($L$6/I$12)+$M$6-$O$6 -> 14.701308 | J21: =($H$6*J$12)+(($I$6*J$12^2)/2)+(($J$6*J$12^3)/3)+(($K$6*J$12^4)/4)-($L$6/J$12)+$M$6-$O$6 -> 17.676109 | K21: =($H$6*K$12)+(($I$6*K$12^2)/2)+(($J$6*K$12^3)/3)+(($K$6*K$12^4)/4)-($L$6/K$12)+$M$6-$O$6 -> 20.679951 | L21: =($H$7*L$12)+(($I$7*L$12^2)/2)+(($J$7*L$12^3)/3)+(($K$7*L$12^4)/4)-($L$7/L$12)+$M$7-$O$7 -> 22.894709 | M21: =($H$7*M$12)+(($I$7*M$12^2)/2)+(($J$7*M$12^3)/3)+(($K$7*M$12^4)/4)-($L$7/M$12)+$M$7-$O$7 -> 23.718872 | N21: =($H$7*N$12)+(($I$7*N$12^2)/2)+(($J$7*N$12^3)/3)+(($K$7*N$12^4)/4)-($L$7/N$12)+$M$7-$O$7 -> 26.797051 | O21: =($H$7*O$12)+(($I$7*O$12^2)/2)+(($J$7*O$12^3)/3)+(($K$7*O$12^4)/4)-($L$7/O$12)+$M$7-$O$7 -> 29.070856 | P21: =($H$7*P$12)+(($I$7*P$12^2)/2)+(($J$7*P$12^3)/3)+(($K$7*P$12^4)/4)-($L$7/P$12)+$M$7-$O$7 -> 29.917718
G22: S (K) | H22: =($H$6*LN(H$12))+($I$6*H$12)+(($J$6*H$12^2)/2)+(($K$6*H$12^3)/3)-($L$6/(2*H$12^2))+$N$6 -> 155.60551 | I22: =($H$6*LN(I$12))+($I$6*I$12)+(($J$6*I$12^2)/2)+(($K$6*I$12^3)/3)-($L$6/(2*I$12^2))+$N$6 -> 159.54787 | J22: =($H$6*LN(J$12))+($I$6*J$12)+(($J$6*J$12^2)/2)+(($K$6*J$12^3)/3)-($L$6/(2*J$12^2))+$N$6 -> 163.05139 | K22: =($H$7*LN(K$12))+($I$7*K$12)+(($J$7*K$12^2)/2)+(($K$7*K$12^3)/3)-($L$7/(2*K$12^2))+$N$7 -> 166.21601 | L22: =($H$7*LN(L$12))+($I$7*L$12)+(($J$7*L$12^2)/2)+(($K$7*L$12^3)/3)-($L$7/(2*L$12^2))+$N$7 -> 168.35338 | M22: =($H$7*LN(M$12))+($I$7*M$12)+(($J$7*M$12^2)/2)+(($K$7*M$12^3)/3)-($L$7/(2*M$12^2))+$N$7 -> 169.11196 | N22: =($H$7*LN(N$12))+($I$7*N$12)+(($J$7*N$12^2)/2)+(($K$7*N$12^3)/3)-($L$7/(2*N$12^2))+$N$7 -> 171.79007 | O22: =($H$7*LN(O$12))+($I$7*O$12)+(($J$7*O$12^2)/2)+(($K$7*O$12^3)/3)-($L$7/(2*O$12^2))+$N$7 -> 173.62941 | P22: =($H$7*LN(P$12))+($I$7*P$12)+(($J$7*P$12^2)/2)+(($K$7*P$12^3)/3)-($L$7/(2*P$12^2))+$N$7 -> 174.2877
G23: Cp (K) | H23: =$H$6+($I$6*H$12)+($J$6*H$12^2)+($K$6*H$12^3)+($L$6/(H$12^2)) -> 29.439182 | I23: =$H$6+($I$6*I$12)+($J$6*I$12^2)+($K$6*I$12^3)+($L$6/(I$12^2)) -> 29.624988 | J23: =$H$6+($I$6*J$12)+($J$6*J$12^2)+($K$6*J$12^3)+($L$6/(J$12^2)) -> 29.882508 | K23: =$H$6+($I$6*K$12)+($J$6*K$12^2)+($K$6*K$12^3)+($L$6/(K$12^2)) -> 30.204145 | L23: =$H$7+($I$7*L$12)+($J$7*L$12^2)+($K$7*L$12^3)+($L$7/(L$12^2)) -> 30.472053 | M23: =$H$7+($I$7*M$12)+($J$7*M$12^2)+($K$7*M$12^3)+($L$7/(M$12^2)) -> 30.577562 | N23: =$H$7+($I$7*N$12)+($J$7*N$12^2)+($K$7*N$12^3)+($L$7/(N$12^2)) -> 30.990939 | O23: =$H$7+($I$7*O$12)+($J$7*O$12^2)+($K$7*O$12^3)+($L$7/(O$12^2)) -> 31.306272 | P23: =$H$7+($I$7*P$12)+($J$7*P$12^2)+($K$7*P$12^3)+($L$7/(P$12^2)) -> 31.424336
F25: CO | G25: H (K)-H(298) | H25: =($H$5*H$12)+(($I$5*H$12^2)/2)+(($J$5*H$12^3)/3)+(($K$5*H$12^4)/4)-($L$5/H$12)+$M$5-$O$5 -> 12.025129 | I25: =($H$5*I$12)+(($I$5*I$12^2)/2)+(($J$5*I$12^3)/3)+(($K$5*I$12^4)/4)-($L$5/I$12)+$M$5-$O$5 -> 15.177711 | J25: =($H$5*J$12)+(($I$5*J$12^2)/2)+(($J$5*J$12^3)/3)+(($K$5*J$12^4)/4)-($L$5/J$12)+$M$5-$O$5 -> 18.399506 | K25: =($H$5*K$12)+(($I$5*K$12^2)/2)+(($J$5*K$12^3)/3)+(($K$5*K$12^4)/4)-($L$5/K$12)+$M$5-$O$5 -> 21.686561 | L25: =($H$5*L$12)+(($I$5*L$12^2)/2)+(($J$5*L$12^3)/3)+(($K$5*L$12^4)/4)-($L$5/L$12)+$M$5-$O$5 -> 24.123876 | M25: =($H$5*M$12)+(($I$5*M$12^2)/2)+(($J$5*M$12^3)/3)+(($K$5*M$12^4)/4)-($L$5/M$12)+$M$5-$O$5 -> 25.03275 | N25: =($H$5*N$12)+(($I$5*N$12^2)/2)+(($J$5*N$12^3)/3)+(($K$5*N$12^4)/4)-($L$5/N$12)+$M$5-$O$5 -> 28.430017 | O25: =($H$5*O$12)+(($I$5*O$12^2)/2)+(($J$5*O$12^3)/3)+(($K$5*O$12^4)/4)-($L$5/O$12)+$M$5-$O$5 -> 30.936673 | P25: =($H$5*P$12)+(($I$5*P$12^2)/2)+(($J$5*P$12^3)/3)+(($K$5*P$12^4)/4)-($L$5/P$12)+$M$5-$O$5 -> 31.868496
G26: S (K) | H26: =($H$5*LN(H$12))+($I$5*H$12)+(($J$5*H$12^2)/2)+(($K$5*H$12^3)/3)-($L$5/(2*H$12^2))+$N$5 -> 223.06875 | I26: =($H$5*LN(I$12))+($I$5*I$12)+(($J$5*I$12^2)/2)+(($K$5*I$12^3)/3)-($L$5/(2*I$12^2))+$N$5 -> 227.27739 | J26: =($H$5*LN(J$12))+($I$5*J$12)+(($J$5*J$12^2)/2)+(($K$5*J$12^3)/3)-($L$5/(2*J$12^2))+$N$5 -> 231.07133 | K26: =($H$5*LN(K$12))+($I$5*K$12)+(($J$5*K$12^2)/2)+(($K$5*K$12^3)/3)-($L$5/(2*K$12^2))+$N$5 -> 234.53401 | L26: =($H$5*LN(L$12))+($I$5*L$12)+(($J$5*L$12^2)/2)+(($K$5*L$12^3)/3)-($L$5/(2*L$12^2))+$N$5 -> 236.8863 | M26: =($H$5*LN(M$12))+($I$5*M$12)+(($J$5*M$12^2)/2)+(($K$5*M$12^3)/3)-($L$5/(2*M$12^2))+$N$5 -> 237.72285 | N26: =($H$5*LN(N$12))+($I$5*N$12)+(($J$5*N$12^2)/2)+(($K$5*N$12^3)/3)-($L$5/(2*N$12^2))+$N$5 -> 240.67857 | O26: =($H$5*LN(O$12))+($I$5*O$12)+(($J$5*O$12^2)/2)+(($K$5*O$12^3)/3)-($L$5/(2*O$12^2))+$N$5 -> 242.7063 | P26: =($H$5*LN(P$12))+($I$5*P$12)+(($J$5*P$12^2)/2)+(($K$5*P$12^3)/3)-($L$5/(2*P$12^2))+$N$5 -> 243.43063
G27: Cp (K) | H27: =$H$5+($I$5*H$12)+($J$5*H$12^2)+($K$5*H$12^3)+($L$5/(H$12^2)) -> 31.172796 | I27: =$H$5+($I$5*I$12)+($J$5*I$12^2)+($K$5*I$12^3)+($L$5/(I$12^2)) -> 31.876488 | J27: =$H$5+($I$5*J$12)+($J$5*J$12^2)+($K$5*J$12^3)+($L$5/(J$12^2)) -> 32.552754 | K27: =$H$5+($I$5*K$12)+($J$5*K$12^2)+($K$5*K$12^3)+($L$5/(K$12^2)) -> 33.178096 | L27: =$H$5+($I$5*L$12)+($J$5*L$12^2)+($K$5*L$12^3)+($L$5/(L$12^2)) -> 33.590719 | M27: =$H$5+($I$5*M$12)+($J$5*M$12^2)+($K$5*M$12^3)+($L$5/(M$12^2)) -> 33.732247 | N27: =$H$5+($I$5*N$12)+($J$5*N$12^2)+($K$5*N$12^3)+($L$5/(N$12^2)) -> 34.196629 | O27: =$H$5+($I$5*O$12)+($J$5*O$12^2)+($K$5*O$12^3)+($L$5/(O$12^2)) -> 34.468786 | P27: =$H$5+($I$5*P$12)+($J$5*P$12^2)+($K$5*P$12^3)+($L$5/(P$12^2)) -> 34.553607
F29: H2O | G29: H (K)-H(298) | H29: =($H$8*H$12)+(($I$8*H$12^2)/2)+(($J$8*H$12^3)/3)+(($K$8*H$12^4)/4)-($L$8/H$12)+$M$8-$O$8 -> 14.191008 | I29: =($H$8*I$12)+(($I$8*I$12^2)/2)+(($J$8*I$12^3)/3)+(($K$8*I$12^4)/4)-($L$8/I$12)+$M$8-$O$8 -> 18.002613 | J29: =($H$8*J$12)+(($I$8*J$12^2)/2)+(($J$8*J$12^3)/3)+(($K$8*J$12^4)/4)-($L$8/J$12)+$M$8-$O$8 -> 21.939189 | K29: =($H$8*K$12)+(($I$8*K$12^2)/2)+(($J$8*K$12^3)/3)+(($K$8*K$12^4)/4)-($L$8/K$12)+$M$8-$O$8 -> 26.002376 | L29: =($H$8*L$12)+(($I$8*L$12^2)/2)+(($J$8*L$12^3)/3)+(($K$8*L$12^4)/4)-($L$8/L$12)+$M$8-$O$8 -> 29.048383 | M29: =($H$8*M$12)+(($I$8*M$12^2)/2)+(($J$8*M$12^3)/3)+(($K$8*M$12^4)/4)-($L$8/M$12)+$M$8-$O$8 -> 30.191937 | N29: =($H$8*N$12)+(($I$8*N$12^2)/2)+(($J$8*N$12^3)/3)+(($K$8*N$12^4)/4)-($L$8/N$12)+$M$8-$O$8 -> 34.505905 | O29: =($H$8*O$12)+(($I$8*O$12^2)/2)+(($J$8*O$12^3)/3)+(($K$8*O$12^4)/4)-($L$8/O$12)+$M$8-$O$8 -> 37.731645 | P29: =($H$8*P$12)+(($I$8*P$12^2)/2)+(($J$8*P$12^3)/3)+(($K$8*P$12^4)/4)-($L$8/P$12)+$M$8-$O$8 -> 38.940667 | R29: C | S29: H (K)-H(298) | T29: 5.742 | U29: 7.656 | V29: 9.681 | W29: 11.796 | X29: 13.3868 | Y29: 13.984 | Z29: 16.232 | AA29: 17.9059 | AB29: 18.531
G30: S (K) | H30: =($H$8*LN(H$12))+($I$8*H$12)+(($J$8*H$12^2)/2)+(($K$8*H$12^3)/3)-($L$8/(2*H$12^2))+$N$8 -> 218.7372 | I30: =($H$8*LN(I$12))+($I$8*I$12)+(($J$8*I$12^2)/2)+(($K$8*I$12^3)/3)-($L$8/(2*I$12^2))+$N$8 -> 223.82505 | J30: =($H$8*LN(J$12))+($I$8*J$12)+(($J$8*J$12^2)/2)+(($K$8*J$12^3)/3)-($L$8/(2*J$12^2))+$N$8 -> 228.46021 | K30: =($H$8*LN(K$12))+($I$8*K$12)+(($J$8*K$12^2)/2)+(($K$8*K$12^3)/3)-($L$8/(2*K$12^2))+$N$8 -> 232.74004 | L30: =($H$8*LN(L$12))+($I$8*L$12)+(($J$8*L$12^2)/2)+(($K$8*L$12^3)/3)-($L$8/(2*L$12^2))+$N$8 -> 235.67961 | M30: =($H$8*LN(M$12))+($I$8*M$12)+(($J$8*M$12^2)/2)+(($K$8*M$12^3)/3)-($L$8/(2*M$12^2))+$N$8 -> 236.73216 | N30: =($H$8*LN(N$12))+($I$8*N$12)+(($J$8*N$12^2)/2)+(($K$8*N$12^3)/3)-($L$8/(2*N$12^2))+$N$8 -> 240.48503 | O30: =($H$8*LN(O$12))+($I$8*O$12)+(($J$8*O$12^2)/2)+(($K$8*O$12^3)/3)-($L$8/(2*O$12^2))+$N$8 -> 243.0943 | P30: =($H$8*LN(P$12))+($I$8*P$12)+(($J$8*P$12^2)/2)+(($K$8*P$12^3)/3)-($L$8/(2*P$12^2))+$N$8 -> 244.0341 | S30: S (K) | T30: 17.321 | U30: 19.875 | V30: 22.259 | W30: 24.487 | X30: 26.0217 | Y30: 26.571 | Z30: 28.527 | AA30: 29.8811 | AB30: 30.367
G31: Cp (K) | H31: =$H$8+($I$8*H$12)+($J$8*H$12^2)+($K$8*H$12^3)+($L$8/(H$12^2)) -> 37.501847 | I31: =$H$8+($I$8*I$12)+($J$8*I$12^2)+($K$8*I$12^3)+($L$8/(I$12^2)) -> 38.736498 | J31: =$H$8+($I$8*J$12)+($J$8*J$12^2)+($K$8*J$12^3)+($L$8/(J$12^2)) -> 39.997715 | K31: =$H$8+($I$8*K$12)+($J$8*K$12^2)+($K$8*K$12^3)+($L$8/(K$12^2)) -> 41.265608 | L31: =$H$8+($I$8*L$12)+($J$8*L$12^2)+($K$8*L$12^3)+($L$8/(L$12^2)) -> 42.185073 | M31: =$H$8+($I$8*M$12)+($J$8*M$12^2)+($K$8*M$12^3)+($L$8/(M$12^2)) -> 42.522312 | N31: =$H$8+($I$8*N$12)+($J$8*N$12^2)+($K$8*N$12^3)+($L$8/(N$12^2)) -> 43.751023 | O31: =$H$8+($I$8*O$12)+($J$8*O$12^2)+($K$8*O$12^3)+($L$8/(O$12^2)) -> 44.620972 | P31: =$H$8+($I$8*P$12)+($J$8*P$12^2)+($K$8*P$12^3)+($L$8/(P$12^2)) -> 44.935524 | S31: Cp (K) | T31: 11.23474 | U31: 12.060563 | V31: 12.762802 | W31: 13.35928 | X31: 13.739099 | Y31: 13.869509 | Z31: 14.313888 | AA31: 14.608694 | AB31: 14.713305
F33: C | G33: H (K)-H(298) | H33: 5.742 | I33: 7.656 | J33: 9.681 | K33: 11.796 | L33: 13.3868 | M33: 13.984 | N33: 16.232 | O33: 17.9059 | P33: 18.531 | R33: C | S33: H (K)-H(298) | T33: 6.317 | U33: 8.592 | V33: 11.073 | W33: 13.743 | X33: 15.8271 | Y33: 16.598 | Z33: 19.617 | AA33: 21.9537 | AB33: 22.818
G34: S (K) | H34: 17.321 | I34: 19.875 | J34: 22.259 | K34: 24.487 | L34: 26.0217 | M34: 26.571 | N34: 28.527 | O34: 29.8811 | P34: 30.367 | S34: S (K) | T34: 19.897 | U34: 22.929 | V34: 25.73 | W34: 28.327 | X34: 30.1016 | Y34: 30.758 | Z34: 33.036 | AA34: 34.4719 | AB34: 35.003
G35: Cp (K) | H35: 11.23474 | I35: 12.060563 | J35: 12.762802 | K35: 13.35928 | L35: 13.739099 | M35: 13.869509 | N35: 14.313888 | O35: 14.608694 | P35: 14.713305 | S35: Cp (K) | T35: 11.23474 | U35: 12.060563 | V35: 12.762802 | W35: 13.35928 | X35: 13.739099 | Y35: 13.869509 | Z35: 14.313888 | AA35: 14.608694 | AB35: 14.713305
F37: DRM | G37: CH4+CO2 --> 2CO + 2H2 | R37: DRM
F38: DRM | G38: 298 | H38: 700 | I38: 800 | J38: 900 | K38: 1000 | L38: 1073 | M38: 1100 | N38: 1200 | O38: 1273 | P38: 1300 | R38: T (K) | S38: \Delta Gº_{DRM} (kJ/mol) | T38: Kº_{thermo} | U38: K_{DRM,kin} | V38: Desviación (%)
F39: H (K) | G39: =2*B5+2*B4-B3-B2 -> 247.341 | H39: =2*H25+2*H21-H17-H13+$G$39 -> 258.49952 | I39: =2*I25+2*I21-I17-I13+$G$39 -> 259.61693 | J39: =2*J25+2*J21-J17-J13+$G$39 -> 260.25558 | K39: =2*K25+2*K21-K17-K13+$G$39 -> 260.49678 | L39: =2*L25+2*L21-L17-L13+$G$39 -> 260.46248 | M39: =2*M25+2*M21-M17-M13+$G$39 -> 260.40994 | N39: =2*N25+2*N21-N17-N13+$G$39 -> 260.04999 | O39: =2*O25+2*O21-O17-O13+$G$39 -> 259.64483 | P39: =2*P25+2*P21-P17-P13+$G$39 -> 259.46522 | R39: 298 | S39: =(B29-(C29*R39/1000)) -> 0 | T39: =$B$10*EXP(-$B$11/($B$9*R39)) -> 2.066976e-31 | U39: =$B$10*EXP(-($B$11)/($B$9*R39)) -> 2.066976e-31 | V39: =((U39-T39)/T39)*100 -> 0
F40: S (K) | G40: =2*C5+2*C4-C3-C2 -> 256.62 | H40: =2*H26+2*H22-H18-H14 -> 282.13539 | I40: =2*I26+2*I22-I18-I14 -> 283.63525 | J40: =2*J26+2*J22-J18-J14 -> 284.39252 | K40: =2*K26+2*K22-K18-K14 -> 284.65011 | L40: =2*L26+2*L22-L18-L14 -> 284.61758 | M40: =2*M26+2*M22-M18-M14 -> 284.56926 | N40: =2*N26+2*N22-N18-N14 -> 284.25763 | O40: =2*O26+2*O22-O18-O14 -> 283.93256 | P40: =2*P26+2*P22-P18-P14 -> 283.79297 | R40: 700 | S40: 61 | T40: 2.8e-05 | U40: =$B$10*EXP(-($B$11)/($B$9*R40)) -> 2.847497e-05 | V40: =((U40-T40)/T40)*100 -> 1.6963227
F41: Cp (K) | G41: =2*D5+2*D4-D3-D2 -> 43.188 | H41: =2*H27+2*H23-H19-H15 -> 13.865788 | I41: =2*I27+2*I23-I19-I15 -> 8.6354227 | J41: =2*J27+2*J23-J19-J15 -> 4.2734584 | K41: =2*K27+2*K23-K19-K15 -> 0.665739 | L41: =2*L27+2*L23-L19-L15 -> -1.5670506 | M41: =2*M27+2*M23-M19-M15 -> -2.3182794 | N41: =2*N27+2*N23-N19-N15 -> -4.8117114 | O41: =2*O27+2*O23-O19-O15 -> -6.377189 | P41: =2*P27+2*P23-P19-P15 -> -6.9230775 | R41: 800 | S41: 32.7 | T41: 0.00732 | U41: =$B$10*EXP(-($B$11)/($B$9*R41)) -> 0.0075259111 | V41: =((U41-T41)/T41)*100 -> 2.8129928
R42: 900 | S42: 4.3 | T42: 0.563 | U42: =$B$10*EXP(-($B$11)/($B$9*R42)) -> 0.57598526 | V42: =((U42-T42)/T42)*100 -> 2.3064412
F43: DRM | G43: 298 | H43: 700 | I43: 800 | J43: 900 | K43: 1000 | L43: 1073 | M43: 1100 | N43: 1200 | O43: 1273 | P43: 1300 | R43: 1000 | S43: -24.2 | T43: 18.3 | U43: =$B$10*EXP(-($B$11)/($B$9*R43)) -> 18.513699 | V43: =((U43-T43)/T43)*100 -> 1.1677555
F44: Delta Gº_{DRM} (kJ/mol) | R44: 1073 | S44: -44.9 | T44: 154 | U44: =$B$10*EXP(-($B$11)/($B$9*R44)) -> 154.98239 | V44: =((U44-T44)/T44)*100 -> 0.63791701
G45: =G39-(G43*G40/1000) -> 170.86824 | H45: =H39-(H43*H40/1000) -> 61.00475 | I45: =I39-(I43*I40/1000) -> 32.708728 | J45: =J39-(J43*J40/1000) -> 4.3023152 | K45: =K39-(K43*K40/1000) -> -24.153327 | L45: =L39-(L43*L40/1000) -> -44.932182 | M45: =M39-(M43*M40/1000) -> -52.616244 | N45: =N39-(N43*N40/1000) -> -81.059169 | ... P45: =P39-(P43*P40/1000) -> -109.46564 | R45: 1100 | S45: -52.6 | T45: 315 | U45: =$B$10*EXP(-($B$11)/($B$9*R45)) -> 316.6359 | V45: =((U45-T45)/T45)*100 -> 0.51933446
F46: Kº_{thermo} | R46: 1200 | S46: -81.1 | T46: 3380 | U46: =$B$10*EXP(-($B$11)/($B$9*R46)) -> 3373.7737 | V46: =((U46-T46)/T46)*100 -> -0.18420903
G47: =EXP((-G45*1000)/($B$9*G43)) -> 1.1180085e-30 | H47: =EXP((-H45*1000)/($B$9*H43)) -> 2.8028855e-05 | I47: =EXP((-I45*1000)/($B$9*I43)) -> 0.0073158037 | J47: =EXP((-J45*1000)/($B$9*J43)) -> 0.56271839 | K47: =EXP((-K45*1000)/($B$9*K43)) -> 18.267786 | L47: =EXP((-L45*1000)/($B$9*L43)) -> 153.96411 | M47: =EXP((-M45*1000)/($B$9*M43)) -> 315.22967 | N47: =EXP((-N45*1000)/($B$9*N43)) -> 3377.0788 | ... P47: =EXP((-P45*1000)/($B$9*P43)) -> 25034.682 | R47: 1273 | S47: -101.8 | T47: 15000 | U47: =$B$10*EXP(-($B$11)/($B$9*R47)) -> 15006.913 | V47: =((U47-T47)/T47)*100 -> 0.046087342
F48: K_{DRM,kin} | R48: 1300 | S48: -109.5 | T48: 25000 | U48: =$B$10*EXP(-($B$11)/($B$9*R48)) -> 24979.644 | V48: =((U48-T48)/T48)*100 -> -0.081424928
G49: =$B$10*EXP(-$B$11/($B$9*G43)) -> 2.066976e-31 | H49: =$B$10*EXP(-$B$11/($B$9*H43)) -> 2.847497e-05 | I49: =$B$10*EXP(-$B$11/($B$9*I43)) -> 0.0075259111 | J49: =$B$10*EXP(-$B$11/($B$9*J43)) -> 0.57598526 | K49: =$B$10*EXP(-$B$11/($B$9*K43)) -> 18.513699 | L49: =$B$10*EXP(-$B$11/($B$9*L43)) -> 154.98239 | M49: =$B$10*EXP(-$B$11/($B$9*M43)) -> 316.6359 | N49: =$B$10*EXP(-$B$11/($B$9*N43)) -> 3373.7737 | ... P49: =$B$10*EXP(-$B$11/($B$9*P43)) -> 24979.644
F50: Desviación (%)
G51: =((G47-G49)/G47)*100 -> 81.511983 | H51: =((H49-H47)/H47)*100 -> 1.5916302 | I51: =((I49-I47)/I47)*100 -> 2.8719657 | J51: =((J49-J47)/J47)*100 -> 2.35764 | K51: =((K49-K47)/K47)*100 -> 1.3461588 | L51: =((L49-L47)/L47)*100 -> 0.66137696 | M51: =((M49-M47)/M47)*100 -> 0.44609683 | N51: =((N49-N47)/N47)*100 -> -0.097866473 | O51: =((O49-O47)/O47)*100 -> -0.24003572 | P51: =((P49-P47)/P47)*100 -> -0.21984644
F53: RWGS | G53: CO2 + H2 --> CO + H2O | R53: RWGS
F54: RWGS | G54: 298 | H54: 700 | I54: 800 | J54: 900 | K54: 1000 | L54: 1073 | M54: 1100 | N54: 1200 | O54: 1273 | P54: 1300 | R54: T (K) | S54: \Delta Gº_{DRM} (kJ/mol) | T54: Kº_{thermo} | U54: K_{RWGS,kin} | V54: Desviación (%)
F55: H (K)-H(298) | G55: =B5+B6-B3-B4 -> 41.169 | H55: =H25+H29-H17-H21+$G$55 -> 37.882323 | I55: =I25+I29-I17-I21+$G$55 -> 36.84069 | J55: =J25+J29-J17-J21+$G$55 -> 35.799802 | K55: =K25+K29-K17-K21+$G$55 -> 34.778978 | L55: =L25+L29-L17-L21+$G$55 -> 34.052801 | M55: =M25+M29-M17-M21+$G$55 -> 33.788933 | N55: =N25+N29-N17-N21+$G$55 -> 32.83346 | O55: =O25+O29-O17-O21+$G$55 -> 32.161241 | P55: =P25+P29-P17-P21+$G$55 -> 31.915203 | R55: 298 | S55: =G39-(G40*R55/1000) -> 170.86824 | U55: =$B$12*EXP(-($B$13)/($B$9*R55)) -> 2.1872825e-05 | V55: =((U55-T55)/T55)*100 -> #DIV/0!
F56: S (K) | G56: =C5+C6-C3-C4 -> 42.012 | H56: =H26+H30-H18-H22 -> 35.448591 | I56: =I26+I30-I18-I22 -> 34.057862 | J56: =J26+J30-J18-J22 -> 32.831734 | K56: =K26+K30-K18-K22 -> 31.755878 | L56: =L26+L30-L18-L22 -> 31.055055 | M56: =M26+M30-M18-M22 -> 30.812176 | N56: =N26+N30-N18-N22 -> 29.980593 | O56: =O26+O30-O18-O22 -> 29.438958 | P56: =P26+P30-P18-P22 -> 29.247702 | R56: 700 | S56: 13.1 | T56: 0.106 | U56: =$B$12*EXP(-($B$13)/($B$9*R56)) -> 0.10526755 | V56: =((U56-T56)/T56)*100 -> -0.69098841
F57: Cp (K) | G57: =D5+D6-D3-D4 -> -3.233 | H57: =H27+H31-H19-H23 -> -10.331434 | I57: =I27+I31-I19-I23 -> -10.452521 | J57: =J27+J31-J19-J23 -> -10.333328 | K57: =K27+K31-K19-K23 -> -10.06513 | L57: =L27+L31-L19-L23 -> -9.8199358 | M57: =M27+M31-M19-M23 -> -9.72583 | N57: =N27+N31-N19-N23 -> -9.3893414 | O57: =O27+O31-O19-O23 -> -9.1494116 | P57: =P27+P31-P19-P23 -> -9.0760974 | R57: 800 | S57: 9.6 | T57: 0.236 | U57: =$B$12*EXP(-($B$13)/($B$9*R57)) -> 0.23094628 | V57: =((U57-T57)/T57)*100 -> -2.1414051 | X57: T(K) | H°CO | H°CO2 | H°C | S°CO | S°CO2 | S°C
R58: 900 | S58: 6.2 | T58: 0.434 | U58: =$B$12*EXP(-($B$13)/($B$9*R58)) -> 0.42550195 | V58: =((U58-T58)/T58)*100 -> -1.9580762 | X58: ---------------------------------------------------------------------
F59: RWGS | G59: 298 | H59: 700 | I59: 800 | J59: 900 | K59: 1000 | L59: 1073 | M59: 1100 | N59: 1200 | O59: 1273 | P59: 1300 | R59: 1000 | S59: 3 | T59: 0.695 | U59: =$B$12*EXP(-($B$13)/($B$9*R59)) -> 0.6937676 | V59: =((U59-T59)/T59)*100 -> -0.17732367
F60: Delta Gº_{RWGS} (kJ/mol) | R60: 1073 | S60: 0.7 | T60: 0.921 | U60: =$B$12*EXP(-($B$13)/($B$9*R60)) -> 0.93586531 | V60: =((U60-T60)/T60)*100 -> 1.6140401 | X60: |
G61: =G55-(G59*G56/1000) -> 28.649424 | H61: =H55-(H59*H56/1000) -> 13.06831 | I61: =I55-(I59*I56/1000) -> 9.5944002 | J61: =J55-(J59*J56/1000) -> 6.2512412 | K61: =K55-(K59*K56/1000) -> 3.0231002 | L61: =L55-(L59*L56/1000) -> 0.73072753 | M61: =M55-(M59*M56/1000) -> -0.10446125 | N61: =N55-(N59*N56/1000) -> -3.1432521 | ... P61: =P55-(P59*P56/1000) -> -6.1068097 | R61: 1100 | S61: 0.1 | T61: 1.01 | U61: =$B$12*EXP(-($B$13)/($B$9*R61)) -> 1.0349615 | V61: =((U61-T61)/T61)*100 -> 2.471439 | X61: |
F62: Kº_{thermo} | R62: 1200 | S62: -3.1 | T62: 1.37 | U62: =$B$12*EXP(-($B$13)/($B$9*R62)) -> 1.4443841 | V62: =((U62-T62)/T62)*100 -> 5.4294977 | X62: |
G63: =EXP((-G61*1000)/($B$9*G59)) -> 9.5067532e-06 | H63: =EXP((-H61*1000)/($B$9*H59)) -> 0.10587552 | I63: =EXP((-I61*1000)/($B$9*I59)) -> 0.23633461 | J63: =EXP((-J61*1000)/($B$9*J59)) -> 0.4336849 | K63: =EXP((-K61*1000)/($B$9*K59)) -> 0.69515836 | L63: =EXP((-L61*1000)/($B$9*L59)) -> 0.92135335 | M63: =EXP((-M61*1000)/($B$9*M59)) -> 1.0114878 | N63: =EXP((-N61*1000)/($B$9*N59)) -> 1.3703362 | ... P63: =EXP((-P61*1000)/($B$9*P59)) -> 1.7594766 | R63: 1273 | S63: -5.3 | T63: 1.65 | U63: =$B$12*EXP(-($B$13)/($B$9*R63)) -> 1.7823599 | V63: =((U63-T63)/T63)*100 -> 8.0218135 | X63: |
F64: K_{RWGS,kin} | R64: 1300 | S64: -6.1 | T64: 1.76 | U64: =$B$12*EXP(-($B$13)/($B$9*R64)) -> 1.9150083 | V64: =((U64-T64)/T64)*100 -> 8.8072902 | X64: |
G65: =$B$12*EXP(-$B$13/($B$9*G59)) -> 2.1872825e-05 | H65: =$B$12*EXP(-$B$13/($B$9*H59)) -> 0.10526755 | I65: =$B$12*EXP(-$B$13/($B$9*I59)) -> 0.23094628 | J65: =$B$12*EXP(-$B$13/($B$9*J59)) -> 0.42550195 | K65: =$B$12*EXP(-$B$13/($B$9*K59)) -> 0.6937676 | L65: =$B$12*EXP(-$B$13/($B$9*L59)) -> 0.93586531 | M65: =$B$12*EXP(-$B$13/($B$9*M59)) -> 1.0349615 | N65: =$B$12*EXP(-$B$13/($B$9*N59)) -> 1.4443841 | ... P65: =$B$12*EXP(-$B$13/($B$9*P59)) -> 1.9150083 | X65: |
F66: Desviación (%) | X66: |
G67: =((G63-G65)/G63)*100 -> -130.07671 | H67: =((H65-H63)/H63)*100 -> -0.57422893 | I67: =((I65-I63)/I63)*100 -> -2.2799563 | J67: =((J65-J63)/J63)*100 -> -1.8868423 | K67: =((K65-K63)/K63)*100 -> -0.2000632 | L67: =((L65-L63)/L63)*100 -> 1.5750701 | M67: =((M65-M63)/M63)*100 -> 2.320718 | N67: =((N65-N63)/N63)*100 -> 5.4036289 | O67: =((O65-O63)/O63)*100 -> 7.8740657 | P67: =((P65-P63)/P63)*100 -> 8.8396604 | X67: |
F69: Crack | G69: CH4 --> C + 2 H2 | S69: Crack | T69: CH4 --> C + 2 H2
F70: Crack | G70: 298 | H70: 700 | I70: 800 | J70: 900 | K70: 1000 | L70: 1073 | M70: 1100 | N70: 1200 | O70: 1273 | P70: 1300 | S70: Crack | T70: 298 | U70: 700 | V70: 800 | W70: 900 | X70: 1000 | Y70: 1073 | Z70: 1100 | AA70: 1200 | AB70: 1273 | AC70: 1300
F71: H (K)-H(298) | G71: =B7+2*B4-B2 -> 74.873 | H71: =H33+(2*H21)-H13+$G$71 -> 85.477363 | I71: =I33+(2*I21)-I13+$G$71 -> 87.256834 | J71: =J33+(2*J21)-J13+$G$71 -> 88.701355 | K71: =K33+(2*K21)-K13+$G$71 -> 89.850665 | L71: =L33+(2*L21)-L13+$G$71 -> 90.527273 | M71: =M33+(2*M21)-M13+$G$71 -> 90.746322 | N71: =N33+(2*N21)-N13+$G$71 -> 91.428368 | O71: =O33+(2*O21)-O13+$G$71 -> 91.814601 | P71: =P33+(2*P21)-P13+$G$71 -> 91.936474 | S71: H (K)-H(298) | U71: 6.317 | V71: 8.592 | W71: 11.073 | X71: 13.743 | Y71: 15.8271 | Z71: 16.598 | AA71: 19.617 | AB71: 21.9537 | AC71: 22.818
F72: S (K) | G72: =C7+2*C4-C2 -> 80.849 | H72: =H34+2*H22-H14 -> 104.07074 | I72: =I34+2*I22-I14 -> 106.45218 | J72: =J34+2*J22-J14 -> 108.15728 | K72: =K34+2*K22-K14 -> 109.37123 | L72: =L34+2*L22-L14 -> 110.02415 | M72: =M34+2*M22-M14 -> 110.22543 | N72: =N34+2*N22-N14 -> 110.82043 | O72: =O34+2*O22-O14 -> 111.13329 | P72: =P34+2*P22-P14 -> 111.22804 | S72: S (K) | U72: 19.897 | V72: 22.929 | W72: 25.73 | X72: 28.327 | Y72: 30.1016 | Z72: 30.758 | AA72: 33.036 | AB72: 34.4719 | AC72: 35.003
F73: Cp (K) | G73: =D7+2*D4-D2 -> 30.553 | H73: =H35+2*H23-H15 -> 12.321831 | I73: =I35+2*I23-I15 -> 8.3835278 | J73: =J35+2*J23-J15 -> 4.9320417 | K73: =K35+2*K23-K15 -> 1.973516 | L73: =L35+2*L23-L15 -> 0.11428517 | M73: =M35+2*M23-M15 -> -0.51043654 | N73: =N35+2*N23-N15 -> -2.5450279 | O73: =O35+2*O23-O15 -> -3.77317 | P73: =P35+2*P23-P15 -> -4.1760934 | S73: Cp (K)
F75: Crack | G75: 298 | H75: 700 | I75: 800 | J75: 900 | K75: 1000 | L75: 1073 | M75: 1100 | N75: 1200 | O75: 1273 | P75: 1300 | S75: Crack | T75: 298 | U75: 700 | V75: 800 | W75: 900 | X75: 1000 | Y75: 1073 | Z75: 1100 | AA75: 1200 | AB75: 1273 | AC75: 1300
F76: Delta Gº_{Crack} (kJ/mol) | S76: Delta Gº_{Crack} (kJ/mol)
G77: =G71-(G75*G72/1000) -> 50.779998 | H77: =H71-(H72*H75/1000) -> 12.627848 | I77: =I71-(I72*I75/1000) -> 2.0950907 | J77: =J71-(J72*J75/1000) -> -8.6401941 | K77: =K71-(K72*K75/1000) -> -19.520569 | L77: =L71-(L72*L75/1000) -> -27.528641 | M77: =M71-(M72*M75/1000) -> -30.501647 | N77: =N71-(N72*N75/1000) -> -41.556151 | O77: =O71-(O72*O75/1000) -> -49.658079 | P77: =P71-(P72*P75/1000) -> -52.659973 | T77: =#REF!-(T75*U72/1000) -> #REF! | U77: =U71-(U72*U75/1000) -> -7.6109 | V77: =V71-(V72*V75/1000) -> -9.7512 | W77: =W71-(W72*W75/1000) -> -12.084 | X77: =X71-(X72*X75/1000) -> -14.584 | Y77: =Y71-(Y72*Y75/1000) -> -16.471917 | Z77: =Z71-(Z72*Z75/1000) -> -17.2358 | AA77: =AA71-(AA72*AA75/1000) -> -20.0262 | AB77: =AB71-(AB72*AB75/1000) -> -21.929029 | AC77: =AC71-(AC72*AC75/1000) -> -22.6859
F78: Kº_{thermo} | S78: Kº_{thermo}
G79: =EXP((-G77*1000)/($B$9*G75)) -> 1.2553245e-09 | H79: =EXP((-H77*1000)/($B$9*H75)) -> 0.11419955 | I79: =EXP((-I77*1000)/($B$9*I75)) -> 0.72979297 | J79: =EXP((-J77*1000)/($B$9*J75)) -> 3.1730866 | K79: =EXP((-K77*1000)/($B$9*K75)) -> 10.463735 | L79: =EXP((-L77*1000)/($B$9*L75)) -> 21.886095 | M79: =EXP((-M77*1000)/($B$9*M75)) -> 28.08372 | N79: =EXP((-N77*1000)/($B$9*N75)) -> 64.41062 | ... P79: =EXP((-P77*1000)/($B$9*P75)) -> 130.6111 | T79: =EXP((-T77*1000)/($B$9*T75)) -> #REF! | U79: =EXP((-U77*1000)/($B$9*U75)) -> 3.6978801 | V79: =EXP((-V77*1000)/($B$9*V75)) -> 4.3322252 | W79: =EXP((-W77*1000)/($B$9*W75)) -> 5.0276198 | X79: =EXP((-X77*1000)/($B$9*X75)) -> 5.7785317 | Y79: =EXP((-Y77*1000)/($B$9*Y75)) -> 6.3371972 | Z79: =EXP((-Z77*1000)/($B$9*Z75)) -> 6.5839934 | AA79: =EXP((-AA77*1000)/($B$9*AA75)) -> 7.4430215 | ... AC79: =EXP((-AC77*1000)/($B$9*AC75)) -> 8.1576215
F80: K_{Crack,kin} | S80: K_{Crack,kin}
G81: =$B$14*EXP(-$B$15/($B$9*G75)) -> 4.7065044e-10 | H81: =$B$14*EXP(-$B$15/($B$9*H75)) -> 0.14893566 | I81: =$B$14*EXP(-$B$15/($B$9*I75)) -> 0.91337871 | J81: =$B$14*EXP(-$B$15/($B$9*J75)) -> 3.7434261 | K81: =$B$14*EXP(-$B$15/($B$9*K75)) -> 11.570815 | L81: =$B$14*EXP(-$B$15/($B$9*L75)) -> 23.091381 | M81: =$B$14*EXP(-$B$15/($B$9*M75)) -> 29.130674 | N81: =$B$14*EXP(-$B$15/($B$9*N75)) -> 62.879056 | ... P81: =$B$14*EXP(-$B$15/($B$9*P75)) -> 120.5738 | T81: =$B$14*EXP(-$B$15/($B$9*T75)) -> 4.7065044e-10 | U81: =$B$14*EXP(-$B$15/($B$9*U75)) -> 0.14893566 | V81: =$B$14*EXP(-$B$15/($B$9*V75)) -> 0.91337871 | W81: =$B$14*EXP(-$B$15/($B$9*W75)) -> 3.7434261 | X81: =$B$14*EXP(-$B$15/($B$9*X75)) -> 11.570815 | Y81: =$B$14*EXP(-$B$15/($B$9*Y75)) -> 23.091381 | Z81: =$B$14*EXP(-$B$15/($B$9*Z75)) -> 29.130674 | AA81: =$B$14*EXP(-$B$15/($B$9*AA75)) -> 62.879056 | ... AC81: =$B$14*EXP(-$B$15/($B$9*AC75)) -> 120.5738
F82: Desviación (%) | S82: Desviación (%)
G83: =((G79-G81)/G79)*100 -> 62.507666 | H83: =((H79-H81)/H79)*100 -> -30.417021 | I83: =((I79-I81)/I79)*100 -> -25.155866 | J83: =((J79-J81)/J79)*100 -> -17.974281 | K83: =((K79-K81)/K79)*100 -> -10.580164 | L83: =((L79-L81)/L79)*100 -> -5.5070835 | M83: =((M79-M81)/M79)*100 -> -3.7279733 | N83: =((N79-N81)/N79)*100 -> 2.3778137 | ... P83: =((P79-P81)/P79)*100 -> 7.6848706 | T83: =((T79-T81)/T79)*100 -> #REF! | U83: =((U79-U81)/U79)*100 -> 95.972404 | V83: =((V79-V81)/V79)*100 -> 78.916638 | W83: =((W79-W81)/W79)*100 -> 25.542778 | X83: =((X79-X81)/X79)*100 -> -100.23798 | Y83: =((Y79-Y81)/Y79)*100 -> -264.37845 | Z83: =((Z79-Z81)/Z79)*100 -> -342.44689 | AA83: =((AA79-AA81)/AA79)*100 -> -744.80551 | ... AC83: =((AC79-AC81)/AC79)*100 -> -1378.0509
H84: -5.6042895 | I84: 0.22135673 | J84: 6.4019393 | K84: 11.936998 | L84: 15.089347 | M84: 16.57148 | N84: 20.317204 | O84: 20.95022 | P84: 21.410534
F85: Boud | G85: 2 CO --> C + CO2
F86: Boud | G86: 298 | H86: 700 | I86: 800 | J86: 900 | K86: 1000 | L86: 1073 | M86: 1100 | N86: 1200 | O86: 1273 | P86: 1300
F87: H (K)-H(298) | G87: =-B7-B3+2*B5 -> 172.468 | H87: =-H33-H17+2*H25+$G$87 -> 173.02216 | I87: =-I33-I17+2*I25+$G$87 -> 172.3601 | J87: =-J33-J17+2*J25+$G$87 -> 171.55423 | K87: =-K33-K17+2*K25+$G$87 -> 170.64611 | L87: =-L33-L17+2*L25+$G$87 -> 169.9352 | M87: =-M33-M17+2*M25+$G$87 -> 169.66362 | N87: =-N33-N17+2*N25+$G$87 -> 168.62162 | O87: =-O33-O17+2*O25+$G$87 -> 167.83023 | P87: =-P33-P17+2*P25+$G$87 -> 167.52875
F88: S (K) | G88: =-C7-C3+2*C5 -> 175.771 | H88: =-H34-H18+2*H26 -> 178.06465 | I88: =-I34-I18+2*I26 -> 177.18307 | J88: =-J34-J18+2*J26 -> 176.23524 | K88: =-K34-K18+2*K26 -> 175.27887 | L88: =-L34-L18+2*L26 -> 174.59342 | M88: =-M34-M18+2*M26 -> 174.34383 | N88: =-N34-N18+2*N26 -> 173.4372 | O88: =-O34-O18+2*O26 -> 172.79927 | P88: =-P34-P18+2*P26 -> 172.56493
F89: Cp (K) | G89: =-D7-D3+2*D5 -> 12.635 | H89: =-H35-H19+2*H27 -> 1.5439573 | I89: =-I35-I19+2*I27 -> 0.25189491 | J89: =-J35-J19+2*J27 -> -0.65858329 | K89: =-K35-K19+2*K27 -> -1.307777 | L89: =-L35-L19+2*L27 -> -1.6813358 | M89: =-M35-M19+2*M27 -> -1.8078429 | N89: =-N35-N19+2*N27 -> -2.2666835 | O89: =-O35-O19+2*O27 -> -2.604019 | P89: =-P35-P19+2*P27 -> -2.7469841
F91: Boud | G91: 298 | H91: 700 | I91: 800 | J91: 900 | K91: 1000 | L91: 1073 | M91: 1100 | N91: 1200 | O91: 1273 | P91: 1300
F92: Delta Gº_{Boud} (kJ/mol)
G93: =-(G87-(G91*G88/1000)) -> -120.08824 | H93: =-(H87-(H91*H88/1000)) -> -48.376902 | I93: =-(I87-(I91*I88/1000)) -> -30.613638 | J93: =-(J87-(J91*J88/1000)) -> -12.942509 | K93: =-(K87-(K91*K88/1000)) -> 4.6327579 | L93: =-(L87-(L91*L88/1000)) -> 17.403541 | M93: =-(M87-(M91*M88/1000)) -> 22.114596 | N93: =-(N87-(N91*N88/1000)) -> 39.503018 | ... P93: =-(P87-(P91*P88/1000)) -> 56.805664
F94: Kº_{thermo}
G95: =(EXP((-G93*1000)/($B$9*G91))) -> 1.1228219e+21 | H95: =(EXP((-H93*1000)/($B$9*H91))) -> 4074.3568 | I95: =(EXP((-I93*1000)/($B$9*I91))) -> 99.755679 | J95: =(EXP((-J93*1000)/($B$9*J91))) -> 5.6388535 | K95: =(EXP((-K93*1000)/($B$9*K91))) -> 0.57279711 | L95: =(EXP((-L93*1000)/($B$9*L91))) -> 0.14215063 | M95: =(EXP((-M93*1000)/($B$9*M91))) -> 0.089089711 | N95: =(EXP((-N93*1000)/($B$9*N91))) -> 0.019072881 | ... P95: =(EXP((-P93*1000)/($B$9*P91))) -> 0.0052172062
F96: K_{Boud,kin}
G97: =1/($B$16*EXP(-$B$17/($B$9*G91))) -> 1.8013611e+20 | H97: =1/($B$16*EXP(-$B$17/($B$9*H91))) -> 1952.2513 | I97: =1/($B$16*EXP(-$B$17/($B$9*I91))) -> 52.302697 | J97: =1/($B$16*EXP(-$B$17/($B$9*J91))) -> 3.132192 | K97: =1/($B$16*EXP(-$B$17/($B$9*K91))) -> 0.32938802 | L97: =1/($B$16*EXP(-$B$17/($B$9*L91))) -> 0.08294504 | M97: =1/($B$16*EXP(-$B$17/($B$9*M91))) -> 0.052168815 | N97: =1/($B$16*EXP(-$B$17/($B$9*N91))) -> 0.011233031 | ... P97: =1/($B$16*EXP(-$B$17/($B$9*P91))) -> 0.0030632686
F98: Desviación (%)
G99: =((G95-G97)/G95)*100 -> 83.95684 | H99: =((H95-H97)/H95)*100 -> 52.084431 | I99: =((I95-I97)/I95)*100 -> 47.569204 | J99: =((J95-J97)/J95)*100 -> 44.45339 | K99: =((K95-K97)/K95)*100 -> 42.494817 | L99: =((L95-L97)/L95)*100 -> 41.649897 | M99: =((M95-M97)/M95)*100 -> 41.442379 | N99: =((N95-N97)/N95)*100 -> 41.104697 | ... P99: =((P95-P97)/P95)*100 -> 41.285267
H100: 61.200696 | I100: 58.200332 | J100: 55.930607 | K100: 54.204454 | L100: 53.040638 | M100: 52.902043 | N100: 51.927501 | O100: 50.368357 | P100: 50.015133
F102: Ley de Hess: Delta Gº_{DRM} = Delta Gº_{Crack}-Delta Gº_{Boud}
F103: Gº DRM | G103: =G45 -> 170.86824 | H103: =H45 -> 61.00475 | I103: =I45 -> 32.708728 | J103: =J45 -> 4.3023152 | K103: =K45 -> -24.153327 | L103: =L45 -> -44.932182 | M103: =M45 -> -52.616244 | N103: =N45 -> -81.059169 | ... P103: =P45 -> -109.46564
F104: Gºcrack-GºBoud | G104: =G77-G93 -> 170.86824 | H104: =H77-H93 -> 61.00475 | I104: =I77-I93 -> 32.708728 | J104: =J77-J93 -> 4.3023152 | K104: =K77-K93 -> -24.153327 | L104: =L77-L93 -> -44.932182 | M104: =M77-M93 -> -52.616244 | N104: =N77-N93 -> -81.059169 | ... P104: =P77-P93 -> -109.46564
F106: Comb. | G106: CH4 + 3CO2 <=> 4CO + 2H2O
F107: Comb. | G107: 298 | H107: 700 | I107: 800 | J107: 900 | K107: 1000 | L107: 1073 | M107: 1100 | N107: 1200 | O107: 1273 | P107: 1300
F108: H (K)-H(298) | G108: =4*B5+2*B6-3*B3-B2 -> 329.679 | H108: =4*H25+2*H29-H13-3*H17+$G$108 -> 334.26417 | I108: =4*I25+2*I29-I13-3*I17+$G$108 -> 333.29831 | J108: =4*J25+2*J29-J13-3*J17+$G$108 -> 331.85519 | K108: =4*K25+2*K29-K13-3*K17+$G$108 -> 330.05474 | L108: =4*L25+2*L29-L13-3*L17+$G$108 -> 328.56808 | M108: =4*M25+2*M29-M13-3*M17+$G$108 -> 327.98781 | N108: =4*N25+2*N29-N13-3*N17+$G$108 -> 325.71691 | O108: =4*O25+2*O29-O13-3*O17+$G$108 -> 323.96731 | P108: =4*P25+2*P29-P13-3*P17+$G$108 -> 323.29563
F109: S (K) | G109: =4*C5+2*C6-3*C3-C2 -> 340.644 | H109: =4*H26+2*H30-H14-3*H18 -> 353.03257 | I109: =4*I26+2*I30-I14-3*I18 -> 351.75098 | J109: =4*J26+2*J30-J14-3*J18 -> 350.05599 | K109: =4*K26+2*K30-K14-3*K18 -> 348.16186 | L109: =4*L26+2*L30-L14-3*L18 -> 346.72769 | M109: =4*M26+2*M30-M14-3*M18 -> 346.19361 | N109: =4*N26+2*N30-N14-3*N18 -> 344.21882 | O109: =4*O26+2*O30-O14-3*O18 -> 342.81048 | P109: =4*P26+2*P30-P14-3*P18 -> 342.28837
F110: Cp (K) | G110: =4*D5+2*D6-3*D3-D2 -> 36.722 | H110: =4*H27+2*H31-H15-3*H19 -> -6.7970798 | I110: =4*I27+2*I31-I15-3*I19 -> -12.269619 | J110: =4*J27+2*J31-J15-3*J19 -> -16.393198 | K110: =4*K27+2*K31-K15-3*K19 -> -19.464521 | L110: =4*L27+2*L31-L15-3*L19 -> -21.206922 | M110: =4*M27+2*M31-M15-3*M19 -> -21.769939 | N110: =4*N27+2*N31-N15-3*N19 -> -23.590394 | O110: =4*O27+2*O31-O15-3*O19 -> -24.676012 | P110: =4*P27+2*P31-P15-3*P19 -> -25.075272
F113: Ley de Hess 2: Delta Gº_{comb} = Delta Gº_{DRM}+2*Delta Gº_{RWGS} or Kº_{comb} = Kº_{DRM} * Kº_{RWGS}^2
...

Sheet Geometría
A1: Condiciones de Operación | F1: PI | G1: =PI() -> 3.1415927
A2: Diámetro interior del tubo | B2: D | C2: 0.0359 | D2: m | F2: R= | G2: 8.314 | H2: J/mol K
A3: Altura de llenado de Sn | B3: h_LM | C3: 0.6 | D3: m
A4: Volumen reactivo | B4: V_R | C4: =((G1*C2^2)/4)*C3 -> 0.0006073374 | D4: m3
A5: Temperatura | B5: T | C5: 1173 | D5: K
A6: Presión | B6: P | C6: 101325 | D6: Pa
A7: Caída de presión | B7: dP | C7: 0 | D7: Pa
A8: Alimentación | B8: CH4:CO2 | C8: 0.042361111
A9: Caudal volumétrico total | B9: V_0 | C9: 100 | D9: mL_n/min
C10: =(C6*((C9*10^-6)/60))/(G2*273.15) -> 7.4362527e-05 | D10: mol/s
A11: Caudal molar CH4 | B11: n_CH4,in | C11: =C10/2 -> 3.7181263e-05 | D11: mol/s
A12: Caudal molar CO2 | B12: n_CO2,in | C12: =C10/2 -> 3.7181263e-05 | D12: mol/s
A13: Velocidad superficial del gas | B13: j_g | C13: =(4*C10*G2*C5)/(G1*C6*C2^2) -> 0.0070707711 | D13: m/s | E13: 0.00708
A14: Propiedades del Metal Líquido
A15: Densidad del Sn Líquido | B15: ρ_Sn | C15: 6400 | D15: kg/m3 | E15: =6979-0.652*(C5-505) -> 6543.464 | F15: kg/m3
A16: Densidad Gas | B16: ρ_g | C16: =(C6*((0.5*16.04+0.5*44.01)*10^-3))/(G2*C5) -> 0.31195475 | D16: kg/m3
A17: Densidad Líquido | B17: ρ_l | C17: =C15 -> 6400 | D17: kg/m3 | E17: =E15 -> 6543.464
A18: Velocidad Dinámica | B18: η_Sn | C18: =0.0003908*EXP(790.7/C5) -> 0.00076684099 | D18: Pa s
A19: Tensión Superficial | B19: σ_Sn | C19: =0.606-(9.1*10^-5)*C5 -> 0.499257 | D19: N/m
A20: Calculo gas holdup
A21: Escala de Velocidad | B21: u* | C21: =((C19*9.81*(C15-C16))/(C17^2))^(1/4) -> 0.16632135
A22: Velocidad Superficial Adimensional | B22: j_g+ | C22: =C13/C21 -> 0.042512708 | G22: =C16/C15 -> 4.8742929e-05
A23: Numero de Viscosidad | B23: N_μ | C23: =C18/((C17*C19*SQRT(C19/(9.81*(C15-C16))))^(1/2)) -> 0.00025546368
A24: Diametro Hidráulico | B24: D_H* | C24: =C2/SQRT(C19/(9.81*(C15-C16))) -> 12.730524
A25: Parámetro de Distribución | B25: C_0 | C25: =1.2-0.2*SQRT(C16/C15) -> 1.1986037
A26: Velocidad de Deriva Adimensional | B26: V_gj+_Catalan21 | C26: =0.0019*(C24^0.809)*((C16/C17)^-0.157)*(C23^-0.562) -> 7.3901478
A27: Iteración | B27: A | C27: -1.39 | G27: =SQRT(2)*(1-A33)^1.75 -> 1.3547071
A28: ε_g​_inicial | B28: V_gj+ | C28: V_gj | D28: ε_g​ | E28: |ε_g​| | G28: =SQRT(2)*(1-0.0243)^1.75 -> 1.3546233
A29: 0 | B29: =SQRT(2)*((1-A29)^1.75)*EXP($C$27*$C$22)+$C$26*(1-EXP($C$27*$C$22)) -> 1.7571161 | C29: =B29*$C$21 -> 0.29224593 | D29: =$C$13/($C$25*$C$13+C29) -> 0.023512729 | E29: =D29-A29 -> 0.023512729
A30: =D29 -> 0.023512729 | B30: =SQRT(2)*((1-A30)^1.75)*EXP($C$27*$C$22)+$C$26*(1-EXP($C$27*$C$22)) -> 1.7027487 | C30: =B30*$C$21 -> 0.28320347 | D30: =$C$13/($C$25*$C$13+C30) -> 0.024241658 | E30: =D30-A30 -> 0.00072892889
A31: =D30 -> 0.024241658 | B31: =SQRT(2)*((1-A31)^1.75)*EXP($C$27*$C$22)+$C$26*(1-EXP($C$27*$C$22)) -> 1.7010788 | C31: =B31*$C$21 -> 0.28292573 | D31: =$C$13/($C$25*$C$13+C31) -> 0.024264764 | E31: =D31-A31 -> 2.3105882e-05
A32: =D31 -> 0.024264764 | B32: =SQRT(2)*((1-A32)^1.75)*EXP($C$27*$C$22)+$C$26*(1-EXP($C$27*$C$22)) -> 1.7010259 | C32: =B32*$C$21 -> 0.28291692 | D32: =$C$13/($C$25*$C$13+C32) -> 0.024265497 | E32: =D32-A32 -> 7.3292802e-07
A33: =D32 -> 0.024265497 | B33: =SQRT(2)*((1-A33)^1.75)*EXP($C$27*$C$22)+$C$26*(1-EXP($C$27*$C$22)) -> 1.7010242 | C33: =B33*$C$21 -> 0.28291664 | D33: =$C$13/($C$25*$C$13+C33) -> 0.02426552 | E33: =D33-A33 -> 2.3249287e-08
A34: Fracción de huecos (gas holdup) | B34: ε_g​ | C34: =D33*100 -> 2.426552 | D34: % | E34: 3.2
A35: Carga de catalizador (Catalyst Loading) | B35: ρ_cat | C35: =C15*(1-D33) -> 6244.7007 | D35: kg_Sn/m3_reactor | E35: 6195
A36: Masa de Sn en el reactor | B36: W_Sn | C36: =C35*C4 -> 3.7926403 | E36: 3.760365

Sheet Scripts
